,nci c33224,nci c32084,nci c32082,nci c32212,nci c32739,nci c32886,nci c33844,nci c33243,nci c33423,nci c33687,nci c47855,nci c49190,nci c33670,nci c12292,nci c12388,nci c25268,nci c33419,nci c32616,nci c12604,nci c32491,nci c32624,nci c42716,nci c49303,nci c12422,nci c32837,nci c32083,nci c32216,nci c32740,nci c32887,nci c33047,nci c33245,nci c33424,nci c33600,nci c33513,nci c12293,nci c12390,nci c12605,nci c49316,nci c25419,nci c12757,nci c32492,nci c32625,nci c42766,nci c49304,nci c33396,nci c12229,nci c12829,nci c32089,nci c32217,nci c32742,nci c32888,nci c33048,nci c33247,nci c33425,nci c33689,nci c53166,nci c12294,nci c12392,nci c12503,nci c12606,nci c13181,nci c25439,nci c32493,nci c32626,nci c42780,nci c49305,nci c53070,nci c53023,nci c52971,nci c32085
ma 0000667,0.324633524575356,0.2957187095417253,0.25438673313984694,0.2411764993189087,0.26172082085633663,0.2900667533681859,0.26757757930794324,0.3005967285718858,0.25428164040485585,0.2632424922270442,0.2899471134255302,0.32432294542995604,0.27230499899664495,0.2574787175961783,0.27516745491200073,0.27494663492521304,0.3146984724728627,0.2825439319632434,0.24313267648515188,0.2895376465641739,0.288079229355512,0.2630769483505488,0.21510238895037428,0.32463230163760637,0.2725170766608277,0.2501928965779393,0.28019994025969047,0.26630230690482454,0.26482119767461443,0.25134897878939,0.2787879452499446,0.24275695477165654,0.26092112830115,0.2698260132613266,0.33327531816711675,0.302981276673763,0.2564161321599119,0.29905905784970827,0.3206062767476455,0.2649146569680726,0.2872559763237673,0.23712422772253364,0.25695968465535235,0.282223147083635,0.24174466255425917,0.2507899431403111,0.25166760736741206,0.27240117035683,0.2350351069153979,0.28468062302016406,0.28372950676732367,0.30883052886066975,0.26639549145818525,0.2659898265251027,0.2754466789740467,0.2434200507195866,0.29766648024202425,0.31361620855803996,0.27588045756880464,0.2520612479137233,0.32365172800199904,0.2856760218173906,0.29258978665643876,0.25021344114069444,0.262540226220831,0.21982878740690473,0.2723310563811546,0.23930412187713768,0.24331586607564176,0.2693231740736092
ma 0000948,0.3261161558377055,0.34199483082706766,0.2850296673804717,0.31988779346324997,0.2785126563251563,0.2954110969693813,0.3308037098375169,0.29808955673517595,0.2857055239492086,0.2606231455074468,0.3240426447258745,0.2721135713616917,0.29097761865689037,0.39646565038353004,0.2963205925160098,0.306736464269564,0.26190856382399097,0.29380028579376005,0.3083446841597663,0.3610765721990212,0.30828626921082636,0.29172222122604907,0.3214308061231313,0.31863391287159154,0.2790838604447627,0.35780392155007473,0.3125873807761563,0.29632895331812703,0.30785271078128223,0.35502484571362125,0.32964222017343264,0.31876730615025933,0.3028891908968433,0.3252116993138719,0.3622772858790499,0.3161397518512981,0.31930891833828623,0.293383954554958,0.34502676070428173,0.3103156324878886,0.30434515446334665,0.2977577587953715,0.29766468154350934,0.33196133128776584,0.28612102109464954,0.3394211326807146,0.34640099415877523,0.2729097764815799,0.2843503428805117,0.26144818865516695,0.27652755373453203,0.3240426447258745,0.3218931177481075,0.2789627769529047,0.2777835785267019,0.3080821128656741,0.29432189967370137,0.3130040375412554,0.2920573227355208,0.2835667659994952,0.31877731458623293,0.3830941955326192,0.31077623781921604,0.32311964773699464,0.28412301487684266,0.29575008732617425,0.3473388798027922,0.31874007936507937,0.28744237882952156,0.31800454862983774
ma 0001081,0.2768950960996416,0.21722445243472072,0.19497501170488782,0.20567534440250584,0.2279339718645704,0.2380426509094934,0.23483461566444758,0.20543101107069622,0.22512495437687252,0.23480412697732958,0.24106093401547948,0.2114901060707512,0.22675526254414918,0.22677249920947398,0.22648398084543594,0.2829269308658462,0.24313910379229925,0.20772722441799527,0.24887989259663623,0.20863550025960997,0.22980218598259688,0.21605908381465672,0.25518903249389396,0.24684075604530153,0.2118484073527933,0.18665333338320952,0.23263842071482688,0.24464340836406903,0.2641331347954662,0.252234162495459,0.22322572862422008,0.27464313506712285,0.23894668855039367,0.2188393786374366,0.2620281689988384,0.17859585589848748,0.21196573532533608,0.23809156040572593,0.28953704891946,0.1958547184311503,0.16915195344485479,0.21311077574075332,0.2134471042036589,0.22212720813469805,0.22132080256566122,0.24968332059797932,0.18784491373268464,0.2123891167870001,0.1966298221944627,0.19989321889056036,0.22626924249250452,0.2611072507478427,0.2326080137054766,0.18738718791373044,0.2774522091611341,0.242710670904908,0.2541754762265598,0.23029073199527747,0.2044743789346231,0.23005407723477964,0.23327841215574419,0.22606098224413734,0.20312081514043934,0.24753472968720303,0.20685283237671215,0.22594090297602296,0.18518607232656725,0.19255810532356277,0.19173621776973332,0.18790503388854696
ma 0000526,0.31643913713396393,0.28400858171442006,0.2445174740055826,0.24660706418600942,0.2638960121405797,0.28046831993533783,0.2765669531215099,0.33265594275404997,0.3198203709484895,0.28088147542235603,0.2978948015334074,0.3387025952367386,0.27956063364193645,0.2656313144982445,0.2836010528644941,0.2855538323344901,0.27755104405705194,0.28022461918243213,0.28206552701029597,0.27983160938814144,0.33050901892501294,0.2714525654751377,0.2263967352965811,0.31200348992483345,0.2498686188785625,0.22835927723150495,0.23802915889055123,0.27071674176845223,0.2841025703727552,0.25122269773209827,0.27873370400208985,0.2699736908165879,0.25398227810106483,0.278072732155417,0.313145686790512,0.3107391602202464,0.31158824405039337,0.30973490130296244,0.3099800300551714,0.2657350785091598,0.29100722644843996,0.2728120459596225,0.26513881665354244,0.28870630421941673,0.27987798954967796,0.2613604397512957,0.24138455185488353,0.26104770579086944,0.2526777582975433,0.28983903233943353,0.27108208416421997,0.2978948015334074,0.27165132351921967,0.2885974902894297,0.27990517819353616,0.2611043269428113,0.27829714428869134,0.30096220303790777,0.2850780628794227,0.28631097518956766,0.3321757078816007,0.28359235944133115,0.28256472851536446,0.30415094515566454,0.27729413569281675,0.23347940235293252,0.27872719221714815,0.2297333490845017,0.25280428721285253,0.23416994020107598
ma 0002044,0.3128634906759907,0.4917807735742519,0.5045126510592143,0.365383826931446,0.3911596436377138,0.2977204997799611,0.3322409714180381,0.3406192280555301,0.3028035378131163,0.4089235610068943,0.2826792781617343,0.23500771268768797,0.34617403817031944,0.3388825754280632,0.24942126275797677,0.3116090780564465,0.31597069130682576,0.28582733358595425,0.3349496237889095,0.27572472683310123,0.2849500355965873,0.2821415924433166,0.28468774670393465,0.26699333074333076,0.4754376845893282,0.5353459843925475,0.24800331902901593,0.28913931996230136,0.2824773656295395,0.2956161468142575,0.2670577201190222,0.3042608068868573,0.2561620153725417,0.31426323676323675,0.3333077464288644,0.2768455051822192,0.34689497010925585,0.32913540163540167,0.3714849173730753,0.2898540396385224,0.25423950536327383,0.25727734633299715,0.2712909402448965,0.28630585410757825,0.334447160165551,0.41264707514707516,0.5417252947373752,0.49968915270515235,0.24741681416558264,0.25115980745197386,0.25115980745197386,0.307402771678134,0.28157102103941184,0.20268077601410933,0.2992159952416921,0.25098637131413715,0.3180533355533356,0.3186511636511637,0.297080883903544,0.2846252953395811,0.30401777658313606,0.34113998775977,0.22960643448546675,0.27353804416051525,0.2540515444538433,0.29154336973590494,0.2955268687934944,0.5291089466089466,0.23248370058821977,0.5060391865079366
ma 0002018,0.283213841026341,0.5097071448254312,0.5490065282311272,0.36812959190410166,0.3963788429934263,0.30013212333871203,0.30440588735783247,0.29607312042752587,0.27964724290225756,0.4129955417562648,0.28841868528995557,0.23815368857559938,0.393919345841089,0.34230399230399233,0.27776732845698365,0.3141737876524061,0.3206604459965805,0.2887142877406569,0.3103419398062255,0.25854812862971727,0.286907106303658,0.27568957224129637,0.26891180475291204,0.3008822196322196,0.49643151771029015,0.566479963886381,0.26375723024262415,0.311395152466581,0.3031513869487222,0.2787332011072391,0.23295530433557188,0.2805472305472306,0.25969863469863474,0.2916989383165854,0.3094301954084563,0.3122117729014281,0.3242218099360957,0.3180212842712843,0.37763571102386895,0.2701942482241671,0.2754023454993283,0.25951258182504344,0.265729500605787,0.3094294522058214,0.36369586031294393,0.426456598956599,0.6028812437659217,0.5079878758951419,0.2646814283445876,0.22899165483360517,0.25270706985336805,0.28841868528995557,0.28562117753925875,0.21945734104625247,0.3185307837003882,0.23605836965748533,0.32174614601085194,0.32427207868384345,0.2584922683807065,0.26740060694553786,0.29473227450351636,0.29918842080820307,0.24680275344068453,0.276349316518921,0.26030863872310794,0.2966072210951192,0.276457837672274,0.5377308537051184,0.2344028117594895,0.5345164176781824
ma 0001990,0.3101800233496662,0.502120353890631,0.483601879683524,0.41652879086317984,0.3505828599039434,0.29281331143444095,0.3395875026087981,0.32603077654105816,0.28612845487845484,0.41556462729834376,0.34743345014773586,0.23568869325346115,0.31436011085874743,0.30047118414465357,0.24199074051290803,0.30709377889829015,0.3109036636632675,0.2948901353748292,0.2927336212540294,0.2879941230063815,0.2823115088509177,0.28048428580930185,0.23209221176421216,0.28746633944615313,0.5062794293071072,0.5082161727691793,0.2697582959115438,0.28396408013754953,0.2631951232269964,0.267700048370103,0.2653377493301738,0.28996878971368767,0.25941477466719143,0.2779171225599797,0.32851302408023375,0.2886361241148134,0.3287501047705129,0.30896854622918457,0.332001583246884,0.2583861631156244,0.267929613441137,0.2221349304310355,0.2812693099638912,0.27545833701445943,0.28381789449336037,0.3118998065426637,0.5133260955261609,0.5002995403371343,0.2462079323444559,0.2848351729232271,0.26252748061553477,0.29965516846469226,0.2526947002196643,0.23008848552773017,0.27700035940360734,0.26130627247830124,0.312155106797964,0.3363191702477417,0.32447476676892584,0.2608442203323704,0.2888977398762944,0.3747114347856505,0.264208608851466,0.22171553614416,0.27224153218611347,0.25540818379558455,0.2844812402251476,0.48180041152263375,0.2491949628052495,0.48798026561915453
ma 0002105,0.33048829260549073,0.3923434955454803,0.3655596164512256,0.34021000789115935,0.350970441450548,0.3060188013834889,0.2863279835705085,0.26361863039824546,0.232238583726679,0.47253904389624235,0.2881932201802624,0.2798103809854544,0.2779061886432924,0.3377653733412316,0.22908775968299777,0.298759016888392,0.26816279339433763,0.27584518655947227,0.2891241630872967,0.27594834601278845,0.3018298797239684,0.2661730311351386,0.31464688435457777,0.25651717113436934,0.38500516227739895,0.33600830808222076,0.26745340889167024,0.246481523475538,0.23793498839956448,0.25255121456562557,0.27913202325538833,0.2510697482290257,0.23584020233702452,0.2849655855608237,0.30436301999823573,0.2695269131221512,0.278762757251753,0.28161604332687284,0.360157912021266,0.27982676084237346,0.25477211318754833,0.2678647961386057,0.26095669884529515,0.30707940373118947,0.26147875892820915,0.3196118759317517,0.35144861339094713,0.3436735875705125,0.23487673079216595,0.22943604166921083,0.24784136718660532,0.30601392913504716,0.3010168292906388,0.23350242453883913,0.27784526980955554,0.23987874101439266,0.2895358868184955,0.29418172407302845,0.24897007336748606,0.2543436465359469,0.2856665419285208,0.29405039217976736,0.2825788615841594,0.3006274382324802,0.26440717490091137,0.22166815203717605,0.27109982311595215,0.35472380379413593,0.26204004329004327,0.3275323905343437
ma 0002244,0.34105957078534693,0.4777482676184509,0.49955409695776243,0.3655091781942788,0.39328591575112826,0.3124299675815699,0.3255714806735215,0.2756007954527017,0.2792648971503847,0.529600012104124,0.27740362811791386,0.2398112563714622,0.357465180554153,0.35344115485898514,0.23899456363742078,0.3409930121396286,0.3149728224201979,0.26269818616757395,0.27618605503105853,0.3225900661037374,0.27821230169341826,0.2650740567519933,0.2743368584902633,0.28827461495200923,0.41778025737142277,0.5176020883928506,0.27444538770136084,0.2675931196022681,0.23004682392437498,0.2589827073166462,0.273338650675436,0.2842361340140452,0.2704086276535256,0.27263677365718186,0.31136925408220884,0.25957860922146636,0.267266760040335,0.29727774273419383,0.37365820724425036,0.2883668384721536,0.2957093416220337,0.21325498047436822,0.2604083471539621,0.2621578291008563,0.2321707164397223,0.28110274178153505,0.5253766077802732,0.4363975124590689,0.26736293797851635,0.2547346615907374,0.2547346615907374,0.27443659515088087,0.25160100619558595,0.23814582408902385,0.4012736130083069,0.23065867347329932,0.29810960368996087,0.30620292406006694,0.27328466002233137,0.24406584661044695,0.29907029457129025,0.3426086412507206,0.23931923905926009,0.24140813362752137,0.26336865945064397,0.2297586422784347,0.32265561347194,0.3499619393425518,0.2483897196907401,0.4911348213275853
ma 0002382,0.30760639521509087,0.23178193695265048,0.21689169256824156,0.23535790887484462,0.2889599798155198,0.27377432897117415,0.23342995169082129,0.23981232152471968,0.234932640578021,0.3080339559822367,0.2513664596273292,0.31280911419498375,0.26704786235726413,0.27134379238951956,0.3026892109500805,0.29540082409775503,0.3154218118406783,0.23931935817805383,0.2833193802186426,0.28666410927943275,0.3129341944287596,0.24730202509119203,0.2707179645313503,0.31283452189249294,0.2365846561235762,0.22207345683733865,0.25494189864278005,0.2591116184332076,0.3263858695652173,0.3008003771590728,0.26356348865823975,0.21557414270055847,0.3376238495803713,0.3064672660789421,0.2982342995169082,0.3096336553945249,0.2761800116507026,0.2840454883933145,0.27143405188162223,0.28405268719806764,0.28834425357456284,0.30584366720236283,0.24649402410595014,0.2837400793650794,0.26504355327286605,0.25725631350105405,0.22331212434735342,0.22566596764537267,0.2669574552376095,0.3023281501610306,0.2669114834943639,0.32309631642512077,0.4098033807344448,0.305933530148506,0.28530282646415367,0.3783232258541565,0.28499560974459914,0.2768193581780538,0.3210589199447895,0.3664626375215638,0.2674934378059378,0.2612450558893552,0.2819581686429512,0.24765172473622685,0.23692281508717808,0.24556809378340708,0.36987265455012003,0.21866693274389626,0.31674504385671987,0.245905270464919
ma 0002574,0.2944551057602528,0.609051493084813,0.6319316806125124,0.41781594582277354,0.3496771104275044,0.30618912311528584,0.32365332992243356,0.30906169763952673,0.2743571819509212,0.38022851368111343,0.303890556222489,0.23816199341962277,0.3739975345017362,0.3523122045958009,0.24007241350040537,0.2793387462947392,0.31024133230527984,0.2623723226664403,0.27577578622746685,0.31365792111835805,0.25385383242598547,0.2800630080451304,0.27067370203912766,0.2701554831334243,0.5024035424098193,0.6937755090529795,0.24966226567908317,0.2752188284110809,0.2547629396003528,0.2595236344690234,0.2857694640794361,0.2785117960814555,0.24161712340984048,0.2872345053017322,0.32562872558457745,0.2604949909229828,0.28832069661720483,0.3065596512995442,0.36098440782070806,0.30408398478040133,0.2912824616402173,0.2300287663463357,0.2685077459565486,0.2831497396938573,0.26635310614928775,0.32957198486975614,0.7067550779849294,0.5727986296441588,0.2381146225348782,0.27390142388663347,0.25339877838398794,0.303890556222489,0.25967036754106454,0.2233034326002548,0.3564915883172294,0.23675496568238055,0.29713419152981563,0.2929340325873939,0.29292854593944856,0.2469347049670308,0.29616919110311996,0.37724805590717836,0.23421940532234653,0.24312288557297376,0.2594255952700365,0.24278542193468983,0.3126324916068831,0.5350706907523546,0.2394950525021519,0.6505836215362213
ma 0002745,0.28267359303991674,0.2574618433680017,0.2977884376704286,0.2932245936590169,0.325861874230983,0.28362626499738297,0.27840315400419563,0.23477143747928475,0.25832346982267856,0.24296152030281576,0.3011267928193774,0.22066163179391293,0.33720855986860576,0.30679601338294077,0.2693133553273529,0.31276686777268936,0.22520230630624555,0.28553355020474935,0.27031759323482485,0.2799705334161195,0.2624130108568642,0.26706974776586134,0.2652922839638582,0.25010858121958573,0.2538420206861062,0.22268428731734088,0.24885833204917604,0.2642102984446335,0.24296045377917827,0.2980994034777475,0.2977604776972979,0.24350123332471713,0.27541404662731916,0.2599724775231481,0.3132954031973512,0.272142491779535,0.25969656875601604,0.25609639013542096,0.3082410281329698,0.2677886182008704,0.3297009716457377,0.2688245117028557,0.26689680458740617,0.2843868698532635,0.2768216100652797,0.2691453271507914,0.27173604720381833,0.24309359979131656,0.25456005897541667,0.24377144277801308,0.24377144277801308,0.341256977396401,0.30734041835083664,0.2175202012477443,0.25747930928622476,0.22309940582253612,0.2715399110703243,0.285779580885602,0.24712002311330822,0.25599091982977884,0.26464548175962377,0.2830947313742774,0.27962699734677304,0.28159507447341847,0.254031749329917,0.2363451602153332,0.2631098082821665,0.24077152667907592,0.22062243454479274,0.22931386386222605
ma 0001962,0.29042800132873664,0.513588793923649,0.46491161757300714,0.3936021589041829,0.3365274738697045,0.29167161666129354,0.3343229518421334,0.3190624274355956,0.3066200275759099,0.36614981197576596,0.2735369951189982,0.2467162752264213,0.31172327459411864,0.31812212368478354,0.24682310813195837,0.2741901832257869,0.2772795242127859,0.27076960621078267,0.28592187457733675,0.3043866892494686,0.264349631099124,0.28307846543581616,0.23402619226293522,0.28069653929948046,0.4704544187201855,0.5233041840857783,0.2556034756417776,0.26859205060663693,0.2765044118547282,0.26593381990069326,0.24419463549123163,0.30976636108989053,0.22577238390703314,0.31949098287333577,0.30191534098183714,0.31664451056205645,0.3214479226033848,0.3036396572517896,0.3266949306713239,0.2936900983097738,0.2833446625776747,0.23556288774404682,0.27229355415313977,0.27442205670146846,0.28091334378418775,0.33570199408434703,0.4889375915989812,0.49553900677019685,0.23337622823424042,0.2820304257664805,0.2820304257664805,0.2932414286165351,0.25136094419170707,0.22973235282734944,0.2884813616446636,0.24458582668289394,0.27741671726965844,0.32801687963452675,0.3657164851311476,0.2556522450133524,0.2843343164101248,0.3680310902340367,0.24314133082035896,0.23478787468049994,0.27508549222545164,0.24906561631865343,0.30185675393459366,0.5217934087215133,0.26894142931668286,0.5022402381266761
ma 0001934,0.27450743036514313,0.5158075964873684,0.5525244119686442,0.4224344788420419,0.34486457461772585,0.28499918205322206,0.3301033655724731,0.31286396478506917,0.28126766121837804,0.4696999213280726,0.3108473699998884,0.23283157494597298,0.6015001307114403,0.315675943730455,0.22839120233970506,0.2986949130038471,0.24130436925503337,0.27103368554981455,0.311714918112754,0.3164686250675819,0.2624487936662955,0.28862167428929775,0.2567650433165878,0.24188517501017498,0.4364307421923873,0.5482206601648925,0.23153505799689791,0.26478594504910297,0.259783961163782,0.2643878797782911,0.3096888310952296,0.2859495632977606,0.26092088026611837,0.2950765107907965,0.296065583829559,0.265475188755588,0.3213387064490006,0.29873819163853726,0.3047977156858736,0.27305285178848393,0.27917572114770395,0.2500302136349107,0.2770108289942419,0.28807577289720143,0.34737341233869,0.30477647619251624,0.6510159290123108,0.533598364965821,0.25584291187739466,0.24402868310914283,0.22745671341217313,0.3108473699998884,0.23718509169444416,0.2315719520559206,0.3388622775609596,0.2318319956969382,0.2616967341169469,0.28099474251729895,0.26649786822200616,0.279123433242944,0.29988554621585506,0.3214673836591778,0.24478100603100603,0.26262587690021677,0.27491267352652127,0.2412845519067417,0.281323011614956,0.4868218752147323,0.21813479122592422,0.5655565845866966
ma 0000668,0.34302910134183084,0.2525730581742067,0.25862590704796695,0.2566929483360233,0.2537556589574667,0.26993776323044616,0.2100164849574763,0.22795068667782084,0.22446353623792648,0.3010481103808888,0.2476993799121527,0.2397194543471041,0.27708263253050824,0.2342228341638255,0.25322927298537057,0.32087969222610296,0.2757749302117082,0.2318526764364282,0.2602652175060712,0.2298766907064892,0.30855938507394054,0.2275789496069143,0.31338888002042586,0.22712248825271147,0.2646192855876127,0.2538207122427722,0.24661938417273788,0.30865703795286803,0.25860678710132035,0.318436813205614,0.25061230814458935,0.2712764138456055,0.26892731177836987,0.21847717323327082,0.3032530672041955,0.2551340348901324,0.22173707897793263,0.250616386037713,0.2998761699801872,0.21930174201363226,0.2767756215568267,0.26426684088269453,0.22163907174005873,0.26889838239997305,0.30171627385580035,0.21966425775368864,0.2561404614590731,0.2662889772964273,0.26202995056115574,0.272268913730804,0.26892874879643613,0.276939145994024,0.25422858833965106,0.27343184409644883,0.25889011782505045,0.2706089648740131,0.42945535583782013,0.27717379165549905,0.23148144443355284,0.2448769599303136,0.23714305798297108,0.2863437873301575,0.2386443973135384,0.2614721980255517,0.23064104289889265,0.275118573434535,0.261294819678966,0.21842211572585046,0.24254481967896602,0.26042923495071163
ma 0000053,0.2957745971017133,0.4116110391231538,0.3852892516802532,0.3625854448228091,0.34412471103899966,0.35001957473330314,0.39352328486116145,0.35447746614801856,0.3551506539070478,0.3618833731942135,0.33634547152194216,0.2727798858777961,0.3973996859647665,0.4238804277183043,0.32125901450070243,0.3823529411764706,0.32438755416696596,0.3185012249046775,0.3225600143439018,0.37894302299459526,0.3047126257910572,0.2881171863185481,0.4031293311369213,0.2466438427222741,0.37654180796494696,0.4264157837998682,0.33527423470786727,0.36021926635897217,0.3421118919340397,0.2994247078178211,0.3072294555379389,0.43107709284179874,0.3310169187608873,0.38287878362047156,0.3127771029360361,0.3458802266219146,0.3358364118594298,0.33743022439917864,0.376797385620915,0.3431731406795345,0.3194602460234642,0.2994247078178211,0.2849030308176822,0.3505265588452089,0.32933792731068756,0.43776064406869364,0.40986390133889483,0.4004852639464235,0.3312118671500853,0.3368760812574751,0.3368760812574751,0.31257990375637434,0.3712215681403356,0.3379205165267526,0.4566457275388408,0.3568630066803249,0.28613124481130225,0.30548552754435104,0.31870629300856645,0.3067547792063685,0.33896048849480226,0.32219647577806965,0.3077577522236965,0.31404110993422324,0.2857801603870694,0.28187463940341184,0.3212200168664426,0.3214853712121598,0.30664972323174733,0.3887111464768843
ma 0000815,0.3563461538461538,0.37420379452113584,0.34718611397335675,0.3139951299223974,0.28785519635084594,0.3216943897035083,0.30410997732426304,0.3501869371230274,0.3074366363224543,0.3061892628486047,0.32342948717948716,0.26825277156346766,0.3694692478750449,0.3159896765723833,0.3409821428571429,0.3460335497835498,0.3197176408763845,0.31680844625240123,0.3314543843853331,0.2743342636199779,0.35638508787934076,0.2924925896238525,0.34390889078743625,0.33871944819313243,0.33771404378101033,0.3660036600636301,0.33014691987906275,0.33441476540641246,0.34867911255411255,0.33133739606953894,0.2970526132180268,0.34764277706903035,0.31856977608857306,0.32949575903292594,0.33960682433508516,0.34506109022556397,0.2719198165095998,0.3527787694365112,0.3619426406926407,0.29785410580002614,0.29051925880954976,0.3310397770219199,0.2826611289496952,0.3386584741423451,0.3763351901047527,0.3893386243386243,0.3700574555946984,0.3714700846609486,0.2848990034610336,0.3132785710406678,0.3132785710406678,0.34870122630992195,0.2817890059249506,0.2745648896683225,0.32543375412495623,0.3104674127715602,0.3298564498564499,0.3563461538461538,0.27206739326554996,0.23309892378003833,0.34202344714575617,0.32346861471861477,0.3050177358873011,0.37333812189710136,0.2772347723605479,0.33008526814721995,0.27152503474508083,0.3876558647823015,0.2531718601419063,0.36655072200147704
ma 0000380,0.32706932123430454,0.28158220023039293,0.26742883862113986,0.19514193562573243,0.24223892149730278,0.24745201783374646,0.31022177225891356,0.2451602339777995,0.30932404499845956,0.2658871862913295,0.2822786381179563,0.19582375141606218,0.30590924260343777,0.26044803235359476,0.2076980461653522,0.30643715360206003,0.2686857851106469,0.3024425473313729,0.24290345995471235,0.21648344585216253,0.2788254810525471,0.23695478561469507,0.2759937611385124,0.29696955984743634,0.2723669344528784,0.2830033030592406,0.23064522458559666,0.2776370135025265,0.2688468497017862,0.2553134639617543,0.22215992565116663,0.29369675431804465,0.3045930501276263,0.3004179488060074,0.2916547090546797,0.2304374544286575,0.23638136791631598,0.2678050146549291,0.3231573743938651,0.23407489214104654,0.2101606006221165,0.24285810361832866,0.23502937648847455,0.24177111299841403,0.2925740835424022,0.327721697905975,0.2863876875465066,0.27787925234126243,0.2379290413317337,0.2291434719402849,0.2291045454164981,0.30585414139975003,0.22392025995214454,0.2177823321466368,0.2561567154343904,0.21478313287909312,0.3502093931622907,0.34553872408165043,0.21660665745491017,0.19679240189512487,0.2841395985161898,0.30362973182482067,0.2712464685451463,0.2649746775206168,0.23404663850987353,0.24586806593630056,0.2112468972109562,0.25349448587567225,0.2391502807866087,0.2872799473632158
ma 0000501,0.336694701745637,0.293956984906445,0.2449088339563052,0.2715580643055405,0.2735406842455526,0.2699153184794393,0.2656264420987444,0.378131476142172,0.3060799106423112,0.2747248125087851,0.322545867328632,0.38119693568938195,0.2740551327654654,0.2895583855657864,0.27315299657767544,0.28809010296513493,0.2673070024335432,0.29556349686751326,0.27777336596361474,0.30017572844929663,0.34124790295522006,0.27136712967396576,0.24378693062837176,0.3182907242519607,0.2605438448210036,0.2508080121416676,0.2696197959636362,0.3194385507980235,0.3064538302807126,0.2675364626303029,0.32094095639360265,0.27740990548409855,0.2750422416557979,0.28642031156818776,0.33056123951878386,0.3164108397561611,0.3065963225209463,0.2975833387261397,0.31030569069796404,0.295060114466265,0.2986934299170683,0.28089302476735284,0.2654039499994459,0.31176709407439995,0.25871650749522784,0.2686229411113104,0.26396498066986684,0.2600086780048514,0.28743389392976465,0.2790912908923286,0.2967882929643306,0.322545867328632,0.2791548368096597,0.29528840864940564,0.2770305721244124,0.2992096770761935,0.2778293600360598,0.328341822114424,0.2897390366979876,0.300283191207815,0.31999553907500977,0.2840691239441559,0.30733898439862534,0.30779003090111257,0.2769744294270682,0.25682507089728146,0.28625428614824167,0.25403582567819405,0.26192229629901037,0.25648988672884737
ma 0001896,0.30500279221209453,0.28065301314594526,0.2591218889921199,0.35959549101484484,0.28100366145995564,0.28452519379844965,0.3055838672678374,0.27741752902711475,0.27436678489827715,0.2834608534537855,0.2547956033934146,0.30112611215530083,0.3116908491724071,0.3174677436253979,0.2315524862164739,0.31463582314329985,0.327085054471638,0.28285507828924383,0.28020400475174123,0.26839461113059987,0.2822775577136042,0.24638635288795674,0.3049126746899683,0.22999920335191654,0.2800965062933277,0.28856170017553506,0.2630116483952921,0.3134124862633283,0.3309726126586592,0.27920650133646857,0.27411279804381233,0.48789602680598215,0.26905489796525056,0.29101426082530735,0.29062151164437117,0.2645611442251319,0.24507942860549325,0.3013648997626201,0.2650097053769024,0.24021500840048615,0.2652117510300379,0.25735553979800707,0.23954827580698104,0.31418296599900497,0.3172527884044918,0.31758738677343323,0.27160388509480565,0.2735306078112366,0.27599769403737023,0.25094887179286407,0.281994623426851,0.2806025636043996,0.2626953724877313,0.31652845559501536,0.2904820115405502,0.2978491294450597,0.2784861206560381,0.2846782093875117,0.27417793759249776,0.2674852808985636,0.29541604333831994,0.31183562713316476,0.32070371488976135,0.30268993818947065,0.24305558209670808,0.3002816779663564,0.3001303525286083,0.3251495446639106,0.253624007566381,0.2758212130016451
ma 0001843,0.3002318755939183,0.2708459639822185,0.2680442568527802,0.25287151199140995,0.22648345631688016,0.27567142229132025,0.2708434258302593,0.2711365502529166,0.3064198125032616,0.25829188389322966,0.4137168882704597,0.23459953807530337,0.2204453088169075,0.2574235124103459,0.279233592163139,0.28303403182229714,0.2679358496923023,0.3457996767609406,0.23453026608361568,0.2527476694568531,0.25931275442244833,0.24560830132784828,0.20766140418826493,0.35581420068027203,0.28719114443454175,0.22240186353181549,0.25978415292190804,0.23848751873679658,0.27475465879137134,0.22766109828047104,0.2478587626560727,0.2673350950694836,0.2909085810755242,0.2483435263466026,0.2965379648876161,0.2892173583969052,0.2718349058882555,0.2660893853822514,0.2662834213216867,0.269509094109624,0.27179931038349403,0.24356079294854804,0.24770906536663267,0.2236178548979963,0.21284408875536998,0.23074850966099858,0.22236154670578437,0.27559732556187766,0.24388746997165364,0.24827990732592592,0.24827990732592592,0.35875312944156934,0.24421404512061468,0.2142792443544587,0.26871272435047944,0.23679998035677813,0.3165452762802993,0.33746985157699444,0.3402423463069704,0.28788487845996713,0.2595016161275855,0.34032569848896377,0.2772369743351886,0.2129757628992323,0.24982753690370885,0.2856294013331828,0.2518945422561474,0.20717708070786903,0.23939419798888587,0.2255305497727695
ma 0002106,0.3581973581973582,0.410722443328006,0.3815679826029529,0.3684702329666032,0.37933667159270235,0.28763154392568563,0.2901311651311651,0.2665358742564625,0.2502390549265549,0.47004345354126054,0.2718910718910719,0.26714697583118635,0.28552329635114726,0.3229684667184667,0.2453791901801055,0.35580139432935487,0.2870221743303585,0.2781036803625119,0.2683981380159501,0.2767681468427145,0.34660766560099154,0.26904640059812474,0.34587670491848554,0.30671707921707925,0.40267528072739456,0.3795169848202477,0.2878719683782613,0.2943582488939632,0.26792478354978355,0.23800392706285153,0.26457697647321127,0.27134258960501195,0.2685475605475605,0.2865114490772386,0.31056794654620745,0.24451548062074377,0.2602798975607531,0.3023569548629935,0.3982046134220047,0.2813604541035097,0.2371579384369864,0.27195932508870796,0.26483343763516176,0.23991398358585858,0.2662662376204043,0.3267102351839194,0.38191958222284517,0.3716618586631068,0.2789403458443938,0.2457579317612212,0.2693086563989024,0.2903526103526104,0.3079507353316877,0.23241718300380582,0.3112069794135012,0.25577254071928257,0.3129294066794067,0.3236323131059973,0.24933005735967745,0.23715620013748673,0.3052327977086431,0.25881499291395,0.25111224886663697,0.28837637577995223,0.2604245229064796,0.26865782189009674,0.2727872169601493,0.36821574122967726,0.2606107159249526,0.3686069392757989
ma 0002245,0.33571759471139384,0.42728408889140457,0.43525594975666915,0.361577997427041,0.3892924264635213,0.3088297179579109,0.3186408906321219,0.2917401576015022,0.2974732183298943,0.5021709154654684,0.27323298389366196,0.25420195774241117,0.33722829437668006,0.3460455226134129,0.23643685929656413,0.3042581427532776,0.32644025558941525,0.2801734913079451,0.29549365200625705,0.31738171018337247,0.2757079123395523,0.27036382785664653,0.2705972674157382,0.28309274135124635,0.3810432444431601,0.44263380999167223,0.28505015225526603,0.25043809337584205,0.21544026701589725,0.25554657095734057,0.28894037841563425,0.30094359538687265,0.25297531725180833,0.2895947941466149,0.3075290036963402,0.25606648892619377,0.2843715895449089,0.30652233524797445,0.3196127001525248,0.304581383950991,0.29121412475648567,0.2396526695371233,0.26497234121003277,0.25869099323230976,0.25586780899572686,0.30093829505046166,0.44740771955549774,0.38651522081041584,0.2640983585782195,0.2515710756224778,0.2515710756224778,0.270265950926629,0.2659745743632524,0.2529378034149633,0.3754708524721794,0.24241672289641478,0.2939569818134201,0.3006917208963245,0.2875513498011615,0.2591596902690695,0.3316682114036943,0.3161116353293309,0.2361555493409485,0.26969802101104623,0.2689742448703619,0.2139585434444781,0.3404600897598097,0.3456486916769632,0.2657054371865296,0.42465579455444086
ma 0002383,0.30095055105924673,0.2709147799161386,0.2642871202559357,0.2337827098802908,0.2791951472246002,0.3136784295002747,0.29430844101758646,0.2605666408439806,0.2593374024827829,0.2997426001582012,0.22394582470669427,0.3265075295075295,0.2817522720455448,0.3220405774556331,0.2541107795775315,0.27018456555132575,0.30501931750961253,0.2650399095564999,0.38833107239551334,0.2764700099005507,0.2836464275978894,0.2538754962239617,0.24182647871742402,0.29473928379725484,0.3031083272131866,0.3420468605156759,0.26745250039081064,0.29238063868498654,0.2541442103623513,0.24582288111014816,0.25869668996507833,0.27023868868089396,0.3022328516893734,0.3286382850241546,0.32354779525131055,0.25706012598276023,0.3262224354184553,0.28901653588987897,0.2401035196687371,0.2542907824361629,0.27941568214599144,0.2512140375727332,0.25242827126160255,0.27812811886181454,0.26207794480725755,0.21998525122999174,0.2612898803042365,0.2701612066388502,0.2810624833512583,0.26138203487281003,0.26138203487281003,0.22649413388543826,0.3513134057971014,0.27178890933721855,0.2957573719186991,0.35188313368825785,0.2952273940892867,0.26842650103519666,0.31068107315389926,0.34383702477646577,0.271140384312773,0.3022994987468672,0.27686076604554866,0.26376935262804824,0.2570320981108362,0.28163384126839897,0.7668312032170728,0.2415034794110881,0.5603293717152413,0.28194040070738435
ma 0002575,0.29032554164851776,0.5500976720501871,0.5585297289837773,0.41244342351297725,0.347015560218288,0.3029246531064577,0.31768221989535783,0.3247839181438244,0.2910771648427502,0.3626731259881341,0.2987866205037643,0.25071252630841667,0.353322734859123,0.3458869499479139,0.23768224714140104,0.26283459746539617,0.3209176937142133,0.2789656825820348,0.2927887498328524,0.3089702426385668,0.2650142334764512,0.2840483127173845,0.2672940650354793,0.2655920828821772,0.4654652357434853,0.5989780284157429,0.2586092337045883,0.2593391160489303,0.25225023785520384,0.2558579898819159,0.3005819172677164,0.2949532084255686,0.2260275187858297,0.3040888186553056,0.32172565002870873,0.25729608668627507,0.30383828458928375,0.31574936114665086,0.31170046272272495,0.32009016043797,0.2875245680463103,0.2556028878410996,0.2717226998228972,0.2795714811044999,0.2750498691238512,0.3501269008476321,0.6073078706165527,0.5136486260740573,0.24848965483860297,0.2709044523082964,0.25120001881075943,0.2987866205037643,0.2742620776119385,0.2374398266937846,0.33473257024459147,0.24864907747767429,0.29303314505201294,0.28796559804376515,0.30716537274564276,0.2603008524256002,0.3272785770328053,0.3488477386581094,0.23121294662804098,0.2693025568979115,0.2635330148107823,0.23977087864204377,0.32917541326481103,0.5273574265266904,0.25621991155828305,0.5669372541842491
ma 0002746,0.31635989021956223,0.30567043746163414,0.364018490798097,0.30511675793213355,0.3057445728636816,0.27116508465853434,0.31322648308039835,0.2756817432705429,0.28979199936412475,0.3863335198035813,0.29645246938630043,0.2302921161630732,0.49728666518480635,0.301175014983581,0.26610962012957007,0.30647583328174366,0.23243787989335976,0.2802464816736332,0.30324213802746464,0.30851991613216884,0.28559008961256976,0.27864521840570744,0.2756665104385492,0.2650836094626632,0.2742545931224881,0.30837661107168013,0.2476257506975471,0.273793398995643,0.26510394080361765,0.2797279853531354,0.3076989227722976,0.27283426283281664,0.2981012359811752,0.29079894823057123,0.31029919092260255,0.2687267154249112,0.28986234875241473,0.27251597143595463,0.2842973918258599,0.2797799888231934,0.3228537883279661,0.2797279853531354,0.27184702817001727,0.2801501304974765,0.3021769839866898,0.28400912068864076,0.37757932312716364,0.2833145456371188,0.264582333878644,0.2409353546390538,0.2409353546390538,0.2970511283901318,0.3009475422211184,0.2430824916909871,0.3514072403000771,0.2336212177519368,0.29273777161722236,0.2821294171163906,0.25884965498705037,0.28487285295409537,0.2791245105819705,0.2927081465758818,0.2909280630024753,0.3067260254228218,0.26585550252651335,0.23212116049728904,0.2921552227442476,0.2650830353837321,0.23480394890137712,0.3128492072381992
ma 0001761,0.3423353113756083,0.2879227847450375,0.28231796433729117,0.28167309239217103,0.28536214515314795,0.3118609637370164,0.25275850599097077,0.30507396077915383,0.2563807250725899,0.30151878943479227,0.3324095631443402,0.2782649838963191,0.29727814966993665,0.28696303507127624,0.27906735215385764,0.29317049847202775,0.3094790452139618,0.31374281259147185,0.3231373154358308,0.24253450945263783,0.33683322041553754,0.265934599487818,0.2711810536821174,0.29701156135045736,0.30223683438256366,0.2787504259777872,0.32645014866837313,0.34006999438484864,0.2709551028176994,0.27908587834214627,0.26229862985653934,0.2697930772939016,0.3397550065607267,0.302106451469048,0.3154581085227957,0.28348813440476506,0.28200275555127086,0.3085129435078622,0.3037344254598269,0.2530339496795351,0.2572851192533402,0.2964682082025617,0.2607952117514071,0.32724322742015993,0.27870771847947023,0.3429983415169073,0.26510322262470154,0.2852117631443383,0.35572720279791853,0.2641560526033523,0.2876015583858146,0.36214653733211527,0.2531067209999327,0.2509084659157249,0.31922886488458935,0.24591236311965617,0.329297616611341,0.31152231793103585,0.3243499206724475,0.255200559844613,0.30034968608377854,0.26720896001048927,0.27397878434004697,0.3761414215739318,0.27120045350654864,0.2865446536900283,0.3243092206317475,0.2623840413326528,0.3500461820829947,0.28138387372239115
ma 0000527,0.31124356204206827,0.26549505285179226,0.2326735398819068,0.19398856783566687,0.2712348937940941,0.25774268695556246,0.3588638799302375,0.23735052916572297,0.309188222467855,0.30494512040927485,0.24609590806019374,0.22355565380775466,0.282805966710443,0.23485604291237192,0.3155944917926485,0.27085667890344545,0.29004374185571663,0.2527860589778292,0.2743948341513025,0.21373123838903849,0.27571601104209803,0.246480195373083,0.2380046130771149,0.3001050206039877,0.23811725140701928,0.24323864270270604,0.2563737475429738,0.24863978441618192,0.24903811817982324,0.2665026396845168,0.27698798563670346,0.26305959719197297,0.2885469244767275,0.2553125308094252,0.2961836298139327,0.2862294124275691,0.2922236086376857,0.30120880581975107,0.2948460200944673,0.23894959654554254,0.29687918625077103,0.30803585155494023,0.24377957808913236,0.2477532138125948,0.27003455366809404,0.2577703221917017,0.24536239359602524,0.24021136783424196,0.20695470521074255,0.2372354150239761,0.21360034150536217,0.24808003504432077,0.48003784847272246,0.24394201346668565,0.26631919987334735,0.3340021761392729,0.29709316807531094,0.2722725816281717,0.22345009468055088,0.2393467871547261,0.2897302795046235,0.24508337690266932,0.23003335260322838,0.279858934169279,0.24383676763161602,0.23457957820809483,0.32442592421584016,0.2498255295612726,0.3077754586683158,0.26578243063225726
ma 0000054,0.3108068783068783,0.3994531360664083,0.3710910177126112,0.34448006621327854,0.3464441294302405,0.3772253123238967,0.3676510989010989,0.3036583800186741,0.3362273891685656,0.38198563419151654,0.3420258980785297,0.26750062359824667,0.3853378244697689,0.4278348463131072,0.34646853146853146,0.3480911330049261,0.3248329777255032,0.32241630918101505,0.32273652609405784,0.4083698923815203,0.34130671797338463,0.2923837118047644,0.36713474166583837,0.323939594356261,0.36256817203899583,0.38889850434362727,0.3488165508326799,0.36534687534687527,0.3597288543975494,0.3136622636622637,0.26258695144724553,0.40612786336470547,0.31654855831729467,0.38849920610790173,0.32516612715635884,0.3769988344988345,0.33629071017625917,0.3387578393828394,0.38105072463768114,0.34809258158931355,0.32135956206569893,0.33040991126928626,0.2827540821751348,0.3481829036976095,0.35063192465970244,0.4461885396562816,0.39263321837536524,0.3722798734838348,0.34868143374240934,0.3415635737167067,0.3415635737167067,0.31791478696741854,0.3760684627872128,0.3225887650701714,0.4414655945905946,0.3807502393439893,0.31703634085213034,0.3082142857142857,0.3218052100405041,0.30560088395841567,0.3403651816592993,0.3420019157088122,0.2726538220551379,0.3463139291264291,0.2904011409986642,0.2608359443909316,0.3435800310800311,0.34230389621147256,0.3314152013800351,0.357853770682718
ma 0000669,0.31053141850839217,0.38115471946354296,0.3710061694099127,0.41057564439917377,0.41527858751155966,0.2871875964554653,0.2548189584276541,0.24151694683178462,0.26974545825071544,0.3820044877405725,0.33713710169326117,0.22641093948485705,0.2963342675537798,0.2662822290072038,0.23677440051517165,0.2795370438104992,0.27485749395111037,0.3063605243962387,0.21763766763081707,0.23982747037193497,0.2861161601526713,0.2538497710772071,0.25831394290555443,0.26466125857573225,0.391072178366296,0.3974347408384842,0.2510879425629173,0.29423139788830893,0.278152466893238,0.24657991858484724,0.2402494174340411,0.245131783872555,0.2645555467923889,0.2583263095670807,0.2834334518106345,0.23732189223913397,0.23552097479983852,0.2649616203263546,0.36728124604440393,0.24125611395772686,0.2544003034476666,0.24655157391364543,0.24604287339421269,0.20097859775508317,0.27608350340772103,0.26328220089089654,0.3520499567037,0.36601946025324306,0.24938162931134544,0.24324549307214224,0.24324549307214224,0.30633024081393645,0.23845413960450193,0.21156420093201703,0.24573131089049616,0.24928731118835284,0.25128556958914106,0.31980970418470417,0.2652959824388396,0.21445837867385498,0.26018795196572975,0.27550331891470536,0.2188738344385136,0.2450040463004496,0.25120430662431703,0.2297430712147251,0.22671605046605048,0.35346046926929275,0.2544487344487345,0.37385141830050944
ma 0001708,0.326532544261385,0.30756096728352056,0.25491239554848705,0.29414582100353986,0.2621666601176787,0.3265786465026587,0.36006844989457776,0.36187620475476545,0.28945799191556243,0.259206370948301,0.2766102528870279,0.28453415330608317,0.2678413487576775,0.28692776889099353,0.25745729336504813,0.2758189242927615,0.2819196428571429,0.3281171557581843,0.27186482158232655,0.2748544275866375,0.30210125522625525,0.3147910553154806,0.2636745403289521,0.3393080420574027,0.27121368693377623,0.25131013304351596,0.2941909788040964,0.313198028253447,0.27788430787101004,0.2933167063351395,0.35778137716855857,0.28321596358850054,0.2665599637375304,0.3205151768309663,0.3240402480211507,0.2574807104937284,0.28608341587306796,0.29557982218952494,0.33660714285714277,0.2889684869030311,0.3063604097765588,0.2884503800402418,0.30117573981337264,0.27516460995666825,0.23178610250226545,0.306060740362211,0.24907109032635177,0.2945662581146452,0.25259789225074347,0.29883645096137534,0.3262646635869564,0.29490774392645436,0.312064919248733,0.2548565689956343,0.28866936395487786,0.27015823722108323,0.2746014831053194,0.30202046035805624,0.2880077631542397,0.3191645668831577,0.2903658577612539,0.3430972673160173,0.3042317893340911,0.2821330098835859,0.2994158055652309,0.2682010300546431,0.30073315876058027,0.27586718438868973,0.31909605947642217,0.26514889033706235
ma 0001731,0.3150865423093867,0.2737926261654009,0.25265212332553777,0.3057459826035678,0.2728338748777023,0.32374910490511993,0.2881830523277892,0.3305325672779233,0.2819461197186104,0.25809003411669096,0.30586986012575845,0.4365762179140662,0.2363893926942358,0.2802465443912812,0.2969919791465844,0.31959249780547205,0.44345688047519394,0.2721109929182413,0.2966010685379233,0.2734949974141703,0.3078333946754999,0.28523838390012973,0.2961293229946714,0.3009841874542419,0.2680155434305976,0.23541626489879472,0.2839598353896382,0.3082394042146364,0.30595850281899045,0.31082387047735754,0.327825138152427,0.3002767242970332,0.27950261663076303,0.32840388797217673,0.33038101311725504,0.32476975692436216,0.29079429281220526,0.4602422825666071,0.3464773034843899,0.27498960623152413,0.2715780911785405,0.2813595847630718,0.28136933628108207,0.2926310430435546,0.2642543609832807,0.32208057618640096,0.24690934523685987,0.2493052688911822,0.29182843192306723,0.2916157642168839,0.2916157642168839,0.3253662217685017,0.31719024870349005,0.3297590648576979,0.2705813457918981,0.35767519268108106,0.2821243585153359,0.2944681387376487,0.3209727333380935,0.30367166598369605,0.44535291448143843,0.35057188425609476,0.31250976540450226,0.28011829556446555,0.2834078667470319,0.3249744497886253,0.2919586276958366,0.2727931322382754,0.3015816435688524,0.2417762671589103
ma 0002107,0.3581973581973582,0.38317840745002396,0.379078690275196,0.34838845167792537,0.3776777209754183,0.30019293989943124,0.2901311651311651,0.2652089726006135,0.2723670311170311,0.51199846145729,0.2718910718910719,0.307476703917557,0.28430475919511006,0.27577761744428414,0.24386097155662373,0.3363895448563641,0.30309938503952955,0.3038244493601636,0.29639850889850894,0.24138008050721865,0.3916947994534201,0.27530864207884315,0.2657257312015715,0.30671707921707925,0.400317062832727,0.3612220543184316,0.2735416417481635,0.2937204937919224,0.29992784992784993,0.23851840475124228,0.26325007481736223,0.2971060471619478,0.2539671907040328,0.2860537831733484,0.3228228485069918,0.26788903688903687,0.24156445406445406,0.3038649845773502,0.36738869021477716,0.2607879967254967,0.2371579384369864,0.25467266350418527,0.26465789301517273,0.22232980873508823,0.2650655067321734,0.2944295334295335,0.36301254097733937,0.36955926345706336,0.2957673665077316,0.2690217813587379,0.2690217813587379,0.2903526103526104,0.28477155340250576,0.23241773325106657,0.3114668546733764,0.25564096177191414,0.3129294066794067,0.35599446849446853,0.24855351390476688,0.25855354136604136,0.295436574157241,0.2603973649932165,0.25111224886663697,0.2888908534683429,0.2736856707929505,0.2502284926560289,0.25281436817151104,0.34868418009865376,0.2604791369775842,0.3523438170303495
ma 0002246,0.31642322067467415,0.3559354685909102,0.3597388192234443,0.33506011413447156,0.4142307519506877,0.32788540659486676,0.31624881578369946,0.2575883056030221,0.29442289837638674,0.4986096865854702,0.22892228895135874,0.26193789980815685,0.28000993336264657,0.2632505794521298,0.2232490085280783,0.35806247506063904,0.29270996900955865,0.24008160560661,0.23097981512351698,0.2922746405493181,0.34946589764151914,0.2415897396451659,0.30009342503196323,0.29240163368070343,0.36608712529659304,0.37293530016186066,0.2527698346012299,0.2734485978244954,0.34190305818212796,0.26638129623900736,0.27921582889494756,0.330136018450314,0.2759497000249063,0.2252771840562538,0.2909277488845595,0.25264715667622645,0.2263836853005269,0.2808427499791652,0.30668002413585405,0.2514543999866927,0.24262471319407963,0.24530831463970998,0.2410075833046217,0.29235375597086566,0.27818599598315363,0.2511863791284924,0.3566596403378138,0.35206877545111426,0.29267874600673316,0.3308819717104601,0.260643529597018,0.22584536587443566,0.23288869970974307,0.26544469954922434,0.2945241120697931,0.2674383891507368,0.3053675450841149,0.35600083056478404,0.2822985774021054,0.2476349813245928,0.2632327684418502,0.3368503538485178,0.23373643926183257,0.28557591740731275,0.2577796277330846,0.3081138679006896,0.26408954648157307,0.433634998119808,0.27735932408958597,0.3792636851785222
ma 0002384,0.3001659190246147,0.28067143255584576,0.2760034909764012,0.23475464454787764,0.2601000032381519,0.311405464790558,0.2910475714523691,0.2625305568451637,0.2592965949644641,0.35825372264211663,0.2787456082564778,0.2748560402221729,0.3155706597857214,0.3143639064821331,0.2838750862663906,0.2845634057971015,0.3060964150152815,0.2649337831084458,0.5195308954421409,0.298452935952936,0.2800712912029532,0.26435493443362684,0.25962891678410494,0.2895747179709243,0.29776448260463606,0.3110520881536062,0.28369923623930027,0.28997186302681993,0.29106170399648656,0.26599896647622256,0.28255156524852504,0.2673709931930611,0.3006415712377989,0.3552216819221968,0.3346630434782609,0.2880689860485257,0.3513725359444957,0.3189332993432278,0.26259269715791456,0.27568936885723805,0.30018107155864593,0.2713901229388076,0.26222649943456894,0.277781005330668,0.2800166795269765,0.28139677236018296,0.29399237815034784,0.2806430966679548,0.26146179301421235,0.28729816515353435,0.28729816515353435,0.3074266735679779,0.3519960383819079,0.2706586960555809,0.31094988743471763,0.3701781825923773,0.2941680367799294,0.2669874254049446,0.2864935789888938,0.335776257223217,0.2966397936658408,0.2965831426392067,0.27657637451115713,0.3051289113834784,0.26785483803167587,0.30090043505324837,0.5994623827791987,0.27722884443632523,0.48300142339544516,0.3139144040768481
ma 0002747,0.29624054753898293,0.25611182356932816,0.24716239674169982,0.26882791172587417,0.23922943731714547,0.25947239388524074,0.2599788235075909,0.2952644324708177,0.2121385752247737,0.28514975643039936,0.3068394408185375,0.2984722933720629,0.261698981369892,0.2856515413126616,0.27121926317811834,0.2998951104972877,0.26816364286931993,0.2533910190921446,0.28672950762286764,0.3063746228619378,0.34206499513392763,0.2226350571784447,0.23144542211675817,0.27726409927053175,0.24982358662169024,0.25564729957201154,0.27938177298983263,0.2538863892181106,0.2926668080865583,0.3016840689082,0.2578548506327538,0.25728621635935656,0.2537752021794575,0.2589329031026533,0.29417154038405385,0.23093599572093787,0.23298074559569543,0.25765734442331556,0.24362587972805688,0.23822149459843805,0.30223667401621535,0.3317180825136422,0.21790303524206175,0.26323169170455635,0.2526984078718345,0.22939387343533832,0.2366483818230938,0.25409556392847915,0.2603943277659744,0.2476690916166325,0.2476690916166325,0.27180857662100666,0.20542573057591829,0.2318858591444891,0.29260282277338245,0.24906214649494293,0.2668193825108719,0.2477877815643773,0.27323153279616186,0.29152156576991894,0.2440559579165573,0.29562162947803994,0.27340422392129465,0.3579978444184041,0.21920151846317953,0.2361582914661028,0.30994866232030893,0.26016627405040915,0.2989367575584042,0.28024455294830486
ma 0001609,0.3573851965028435,0.3181745992819337,0.3292132740675762,0.34535025710620953,0.2806377636962853,0.3257547782001206,0.3529795821462488,0.3403652597402598,0.30207188702108845,0.3184776015145987,0.31873341255694193,0.30215405328627726,0.31185055560240044,0.31325911062430667,0.2568595500580795,0.47239861853832443,0.3073419898262335,0.29057679395677494,0.3132173450188156,0.3448984821933458,0.3251299901938447,0.3159822462981065,0.3416320154847031,0.33294909883145174,0.33501898488218024,0.31430624927418777,0.3052775991606747,0.30611644976213365,0.2813854409711655,0.2908119291717489,0.33708184960201093,0.3420250886549906,0.3213972868444413,0.3282530214515509,0.35468495698674724,0.2956577888563182,0.30566112808759865,0.3288963186284615,0.3920064616755793,0.3322749084005805,0.27251252297874207,0.27552878888860866,0.31074938304594873,0.37145534574970057,0.2955982593501042,0.31654359774212715,0.3016926129105514,0.30734849713530954,0.2693709885872077,0.3072185753835026,0.28671592988085715,0.35961459836459836,0.29940301778246825,0.27496153600939605,0.34229299850080047,0.27615348770728027,0.36109823382420225,0.32354486036838975,0.32343396752295395,0.3014200566590272,0.3432370043977187,0.4186193649013858,0.32692513368983955,0.28928361514343487,0.3280554034762899,0.3112628483249638,0.32940557057511455,0.28887797992373154,0.326463941954138,0.2908959130335522
ma 0001585,0.36065862708719854,0.2813740341052978,0.2849100624944042,0.27938826057210076,0.26960773697511375,0.28813847184650343,0.3128762557472955,0.2507135177108166,0.31051265423762053,0.3041347920725801,0.30012941540252464,0.24870922853761543,0.2660345425184135,0.24698601076041185,0.2251210605454303,0.30719186599370935,0.32312298885817947,0.289672721349554,0.28517063251622865,0.25842901463704626,0.2732420589203423,0.2516442276750832,0.27911473361334793,0.3155946418971629,0.3415067703849216,0.28143806866180815,0.26358599517501236,0.314677001368904,0.4279827315541601,0.2821871856512028,0.2706751152530593,0.3232285470579209,0.3416899278518765,0.33727206954668904,0.2985936113575865,0.2532355386599084,0.22638922817523568,0.299127909083454,0.2937556689342404,0.2452563381600704,0.27828178126400643,0.2613184214788672,0.2542406130900222,0.2731174194042144,0.26338539090374463,0.36151803684436734,0.26614881246346106,0.2641712343135715,0.28481019908274685,0.28238674713955253,0.28238674713955253,0.30154882932193855,0.2917251569112218,0.2168256701449127,0.289319317783335,0.2368774397923376,0.3695514455782313,0.3012825130052021,0.2979838448655925,0.2456826696897725,0.28898158226004167,0.3235090702947846,0.28881534513446955,0.3010363920004092,0.24888210889753487,0.24494630637198134,0.25383253549521506,0.303911985005735,0.26473792396639295,0.2828043668921766
ma 0000502,0.3070510438759906,0.27770095652145754,0.2583430739943311,0.26241782131712404,0.2669139955558362,0.24752646607096848,0.3289559750118757,0.28465992208849356,0.2911915205819724,0.2775851200634175,0.30295383849695157,0.22927379228035566,0.2726058525796451,0.2910676218227154,0.2626469642043457,0.27365023465977245,0.2676146384479718,0.27434414826360504,0.2670080149893814,0.25922054147194046,0.30032879364867626,0.256893752628656,0.28152963050183666,0.30764661883489325,0.2505490194416068,0.25454294675670386,0.29875405757955553,0.27536557801722333,0.2609548767110412,0.24993847305983885,0.30350912843769984,0.27250823529380913,0.2838088429253843,0.29090623761067796,0.31640270840270845,0.2927316344360748,0.28548866477437906,0.2565795187322965,0.2928269587977035,0.2563893849139446,0.305815106536339,0.2955280422208366,0.2589770859619893,0.2436854048331225,0.2570587123501092,0.262780135317909,0.25644273419076546,0.251531813217762,0.2353801849673141,0.22764877005552622,0.2493154367221929,0.3051760607191738,0.49922206842039996,0.23637263496598537,0.2758324143392331,0.36826256999652446,0.29313815345100336,0.312991432481914,0.23319252020849185,0.25524787615123745,0.2632042915931805,0.263663947101797,0.2645174585686362,0.26566367048146483,0.24808149209225752,0.2586856505030491,0.356990203854928,0.21153119849479005,0.3416132197279439,0.276417475265258
ma 0000672,0.3276691506706042,0.25441098442532806,0.2310704310905669,0.2699738986693167,0.27934438460005084,0.2582621377237151,0.3274026812449654,0.25146042765500576,0.2247433560214058,0.31232043970338785,0.29077248415447327,0.23685713627344596,0.24370101422201895,0.25154914661430244,0.2740408985819023,0.273889605071514,0.25506531662032417,0.2623162522358829,0.22344335654655423,0.24189403842314586,0.2986431545055576,0.22951902315165887,0.27054541783057284,0.2875645610311308,0.22171025011645068,0.24162761584130002,0.2734760845984282,0.26325528869512693,0.24315191454603463,0.25505409599696427,0.2747606568375879,0.2015594592686909,0.29676368511550827,0.21836988675187588,0.2935903659271908,0.2791202636612674,0.2789795528064347,0.2462555930215814,0.2509734122127023,0.24307387884109272,0.3256704419579489,0.3126211997848899,0.22894163213309135,0.29028651307952347,0.2632199200739778,0.23950089609341152,0.2437977038178396,0.23772483223108415,0.23276648508977205,0.23130503630019134,0.23130503630019134,0.26099011009154166,0.5709689503003457,0.24273354764423186,0.24980010776268044,0.44926863974133946,0.3005388847211803,0.25665841992412997,0.25306943709854457,0.2179590976255945,0.255186255455523,0.2644087466171686,0.2645938396229094,0.27539662364989403,0.23246800745286694,0.25320101443476895,0.3406306839155676,0.24773717790777156,0.31740737944226316,0.26666212156635566
ma 0000816,0.3693879538725261,0.3813396753653599,0.3387085648379343,0.31384575122034397,0.30217637418820686,0.34007997045754484,0.31499358023957563,0.32796859530841227,0.3144723615905238,0.30948285690766425,0.2946570657248407,0.2615912650281514,0.3525301940485248,0.32709675484275025,0.3192847957076091,0.33904201173222914,0.329811939268461,0.3233319243644408,0.3345595847034466,0.2617730921506665,0.4038477932979212,0.2914602203128773,0.3534485576760492,0.30656296371882413,0.344503956079254,0.37428548791485744,0.3348549810434822,0.34073081998442073,0.3692677345537757,0.3372030267760856,0.27650695509677203,0.3602396248617546,0.33501985947638124,0.35983097060088276,0.34812104133118627,0.3220040939532231,0.27009529898916085,0.32921355179883194,0.3284318338666165,0.3264970313401354,0.2776441773581362,0.3362778941043263,0.2814205027488879,0.3240511703961868,0.3577820607657115,0.45670409038901605,0.3585342252885948,0.35414567217688026,0.3220364698482548,0.3194448655240251,0.3194448655240251,0.3189928145171112,0.28547562687468464,0.2793426003062823,0.3598308497693509,0.31105868173405526,0.32241015309037746,0.3671022888733886,0.29447954626598555,0.22994648946535134,0.3325331975315212,0.34557971014492755,0.2688664596273292,0.4022523473538919,0.28270601155866854,0.35390811779541753,0.2698913059519388,0.4221929887186733,0.27360402841466125,0.3728620857035597
ma 0000950,0.3268613678468102,0.2861076084338373,0.2767805892097651,0.27526455026455027,0.28456356869347066,0.30763132657542597,0.2641439909297052,0.24725654889615417,0.2450101505041021,0.2889472343854528,0.2759898070629687,0.220612237584522,0.28524063985622294,0.30204081632653057,0.2712050011392117,0.36076647938350065,0.27783680984668824,0.25201065545717166,0.2732333032342531,0.2589939389200473,0.29386893248595375,0.25889841677140063,0.29605600041559405,0.31252002148791996,0.268626430037533,0.2562163210277999,0.35596482266995866,0.29859745281355243,0.31102802339504465,0.26135654359149085,0.24658242867335242,0.2819958821771401,0.3043372987061997,0.29107457612892396,0.3351085443748185,0.30026629072681704,0.26765474984319965,0.28063784443149614,0.31566041877744005,0.24228833528228688,0.2578796829736679,0.26135654359149085,0.2586209460537731,0.26484493772080175,0.24649533444425084,0.2996769183597291,0.25721618452766337,0.27127607241243606,0.270677302021287,0.30582782850928014,0.2483611297382335,0.2766783160848111,0.2993594573752645,0.23897808657572592,0.31284783903439917,0.32838323532145625,0.35116541353383457,0.29780035194368903,0.2733552347607647,0.26475014355624044,0.2769230851234397,0.3118462425322293,0.29080021976740655,0.2605841305206907,0.2615350912656947,0.26961439769144374,0.24927153293749932,0.2580717569964882,0.2969552803495076,0.27917699896866566
ma 0001084,0.25738001368133334,0.2321022775679638,0.19577223071898525,0.26234451029840233,0.24635496079227825,0.22275282748651964,0.24612288463772605,0.23298831158003405,0.21468334850687792,0.25232003685005056,0.26860406365538325,0.23359263512064868,0.23324930613496697,0.2694797919167667,0.22197674501392167,0.3236412416749534,0.2357744509013306,0.2206321444896855,0.25275686625579075,0.3337196242133217,0.2511605620657004,0.24788887982198798,0.2674246506869798,0.2574223787236984,0.2092775863609197,0.23284624865507217,0.22878084968392076,0.23452311391197733,0.23922253471435306,0.2301390174970882,0.2454173421889236,0.2530851801513967,0.2563187925728433,0.24763806618537512,0.27485354311632526,0.22296817188770152,0.2254164685582502,0.25140618300485734,0.27824974472701747,0.25334433708562965,0.21591825028222203,0.22655988911558828,0.2415598883586096,0.2729894207883546,0.25550879854555336,0.2285094180997984,0.23485116040998394,0.1822405817471607,0.23293650058111798,0.21278222350515866,0.21431332398362754,0.2512143917675474,0.22543876682922076,0.20134382666026052,0.2524407212464204,0.2333199159984797,0.27147489607167025,0.2507208395221592,0.2317948554557309,0.2520518190147023,0.2829231019370903,0.2568893962543695,0.2601961486713197,0.2513470464027455,0.2408534763107909,0.24432708388989066,0.2462836908769972,0.2317123981498262,0.22685493980350926,0.2113873264497869
ma 0001541,0.3298903722245399,0.2902395476505958,0.283564437206734,0.2492639835379374,0.29748929074101166,0.3261467628034831,0.31168528377813837,0.29696437904130557,0.30002389561985027,0.2801528338518587,0.26178950540026885,0.28288247404298583,0.2866025473639211,0.27194426456343496,0.2933901970009604,0.35516946611776423,0.3190345071323526,0.2741967360682778,0.3003386018917672,0.30095417143442116,0.318145325506089,0.32162092743001053,0.2928195296961987,0.30028528187850145,0.26117922390695336,0.29725074001068386,0.293569111925299,0.27412699454626865,0.2911270840856736,0.36232620021476925,0.25645509398333893,0.27250495846771083,0.3095675699094446,0.3007294001525206,0.3216166511790798,0.2949439940810733,0.31768843955410486,0.3325175361535765,0.34428754912171683,0.28992588497036903,0.2829951898430353,0.25455036655624375,0.31051169446479376,0.26331560331214504,0.28356706150585465,0.24334006850255607,0.2820804799874827,0.4374465407848793,0.24378164545091952,0.29665983389181794,0.270685807917792,0.26178950540026885,0.26162452870818476,0.2159158498241434,0.33840483900892526,0.2731772680835048,0.3219117626364967,0.28437380302376014,0.2870492672053834,0.2927835123054276,0.3119358817552781,0.3310299733641411,0.2670073703240161,0.274388641131925,0.30626332845172183,0.3293437457203418,0.2938797271937381,0.2680910634809423,0.26201825533226625,0.28648612520933736
ma 0002108,0.3730887533519113,0.39563067573983113,0.37886553278530005,0.3668158853227503,0.3778184430251078,0.29936592970898446,0.31682303204042334,0.264670050561821,0.270530236671541,0.467030722606002,0.2696868433710539,0.2834580883703691,0.2820512053862022,0.3215849368023281,0.24615150139292016,0.35221080089501144,0.2845518588165647,0.3002249562032171,0.26532738095238095,0.2953207052973807,0.3638119666762603,0.2743796475980384,0.2840678088099535,0.30398942675258467,0.3995692953011861,0.39288068430045153,0.28767221104177626,0.2772577802690005,0.2668125352907962,0.2389371956271943,0.2628343054879294,0.26985276903910443,0.26637320574162676,0.3086685174728653,0.32098461321287414,0.2452054466425176,0.23755604514533088,0.31279265359126474,0.3911699813873727,0.32458418192113847,0.2538526416806027,0.2545622654318307,0.2636234747585322,0.23889077106468412,0.24710426434170013,0.3214585189367798,0.37886553278530005,0.38277870472669007,0.29440914205853164,0.26702864566995005,0.2914851674090805,0.2872651909494015,0.28280085932777443,0.24950110142139126,0.3428070044202768,0.2550022398799953,0.30994484316852744,0.34916837548416496,0.24875409139446472,0.2356534090909091,0.3028450799336544,0.2749032088454839,0.2493244572549913,0.287635745770936,0.2726730390286848,0.26569035332622293,0.2523264573650095,0.34895454680923793,0.2594111590617802,0.3668843793224037
ma 0002247,0.3905627593127593,0.4101662825550209,0.3829376354717616,0.3738534783929521,0.38177093678738416,0.3293412557607302,0.29769930611394024,0.27501518616319376,0.24227443852443847,0.4535390322396901,0.27694805194805194,0.2419787927597775,0.287676274342941,0.3253316273351117,0.23932130832130832,0.2941561161161887,0.2609281109992685,0.2651730544587687,0.3005623280968903,0.3237736831095499,0.29646198125326984,0.26616703007868636,0.3447413403187816,0.29029226154226156,0.3757463591142642,0.3815361203202464,0.2531188718688719,0.25754859148185066,0.2478871173993125,0.31475307100307104,0.2565212260791601,0.26013019747995114,0.23097077922077922,0.29548701298701296,0.3257194616977226,0.27976046176046176,0.2904377543947304,0.2876085655019347,0.369195217021304,0.2512822247197247,0.2981228541573369,0.2475735538235538,0.26260299767351436,0.3391156098126144,0.27185382538095715,0.27842953342953347,0.36892248395661004,0.3728107344148961,0.2580607933635688,0.25680962854349954,0.25680962854349954,0.2930521633538875,0.2733171020567501,0.24234843160681238,0.2988259425759425,0.2646718108027632,0.3116377186499138,0.3007034632034632,0.2756725301542179,0.2663075204045826,0.30214358746258385,0.3035500555101281,0.25522984572616925,0.2767254736004736,0.26409750441266944,0.2738353237271356,0.28189398926726117,0.35577908750606113,0.2345200331961416,0.37099527364966667
ma 0001510,0.3321724302828954,0.29362340009555926,0.31635501736356425,0.2595208780458963,0.28125765312817236,0.34060244723102645,0.294406309035242,0.3144570716718925,0.2981316525983684,0.3062827864102957,0.3408266636464311,0.30010107710979805,0.3033769007606216,0.3492597888887219,0.2850929092567259,0.2953167859272511,0.294031642836231,0.30701086403618894,0.328805291123605,0.38238797389243967,0.28324955756198106,0.28514976218977994,0.2968283954408637,0.3093328957396197,0.28016001121243134,0.2706366732077201,0.2951283111450118,0.28075082390212064,0.25578886036444176,0.24979595837901486,0.27413278664178853,0.28474700693056176,0.26879512662141225,0.2958881693661898,0.3179403227165487,0.28481513147894816,0.31644583345164734,0.29233997221571845,0.33429114490161,0.35430892388675084,0.274305834346532,0.26695407803713456,0.2859347863443693,0.25127390258494176,0.22537580781387662,0.2806397502153316,0.32055775906630596,0.285444653217906,0.26822415740278616,0.44508153996485134,0.4751704727711755,0.3179651116182124,0.2683018061638743,0.32560442711286564,0.2903144676475241,0.2474004324399199,0.32508892915869664,0.3249754605859257,0.2938800975450118,0.30962682232229144,0.2860420620418686,0.303174691910157,0.3048057401255076,0.2681207447038012,0.2834443648884306,0.24924869664189686,0.3426611123115661,0.24501568065450652,0.3134399794139626,0.26455586269468856
ma 0002385,0.31191195077064643,0.33056933134879357,0.28831897061692147,0.27128655567105414,0.27294835534495204,0.30882888637364336,0.3133903602425263,0.2744763554075036,0.2568013982812808,0.2896001483597392,0.2674547743858567,0.26651187608490534,0.3064611953616645,0.30464134815709026,0.251257663648968,0.2816642088842938,0.3303254399585922,0.2622350761674043,0.3185001592610288,0.27240624299447824,0.29404235045712845,0.2733733876742656,0.2393842589596599,0.28282721195097243,0.30980474255645885,0.3238958936938446,0.27869277419502303,0.25191804058825334,0.26897541558041094,0.24354014423764975,0.23396707034953698,0.2623824430958154,0.2769804889370107,0.3439066519229563,0.3552880434782608,0.31200519689650125,0.33596783047870005,0.30950249506840766,0.26055691379234397,0.31586230511638114,0.2766201775859872,0.24893130070023478,0.2697177354831056,0.2931625439811165,0.25566283012433927,0.24697685352224158,0.30812884823929915,0.27437612257481897,0.26219373915057026,0.3093114375471313,0.3093114375471313,0.248336416897934,0.33221758102366333,0.2500484903946653,0.4231385649890727,0.3847148671721653,0.2902429452750506,0.26290036299506087,0.24737667068399888,0.29814301640388596,0.3125868325935945,0.2534604557556981,0.2387030490580444,0.24196003272090227,0.27781939779578674,0.2555111587753613,0.49375403883556057,0.2520057702054452,0.3667301086961289,0.3064327448960307
ma 0002577,0.30480967796738145,0.2913881870121969,0.26049607982553175,0.25617754731225056,0.29131419187962737,0.26358717357636596,0.34707068251936807,0.3306002388733942,0.33685108968415134,0.2786910025340173,0.29186238623413896,0.24142302393726864,0.284170109869199,0.3010495201591279,0.29965951429231724,0.2766628372994758,0.32902164089605257,0.2975670098092905,0.2772391314913368,0.28905013653932893,0.2581459381446961,0.28879796503017136,0.2610552695406511,0.33264598314443483,0.27796977007220164,0.2421945295261353,0.298551261079817,0.2629608060702992,0.2527672581826828,0.29688580231302936,0.2716203538159229,0.2992520633139374,0.3027663180186683,0.31031486622613125,0.316449522949271,0.329168656681911,0.2908885567786931,0.35050776137709416,0.30621019526479587,0.27939165850917075,0.30457915795650825,0.267892421176791,0.2850970013944626,0.2600968247592298,0.2813691770269671,0.302318167977495,0.2698442310557958,0.2749163516374301,0.2504757382644772,0.28936809324475954,0.28936809324475954,0.2926401640119167,0.31556708061420424,0.27000572787302723,0.3334069223889667,0.2704332566721096,0.28773415545743597,0.31569133045707815,0.28796383249757623,0.2863597152086947,0.32435140234115745,0.3327833460852087,0.2636785550064867,0.2809165167008866,0.2804312019571041,0.2686421613867473,0.3158064478176827,0.24068862420084042,0.2655761066390656,0.2722390559350957
ma 0002748,0.32107586379898156,0.32108597342421474,0.31213295597958063,0.27049564488856814,0.3598139014515178,0.32639626788358284,0.361089934618702,0.28973973861891794,0.250201985079197,0.2637004020023215,0.2957526961791613,0.23046465878095965,0.29627541235436894,0.4292916512027715,0.27961753157638675,0.31044933405151115,0.26460213493281204,0.2825294175544512,0.28280864586324533,0.2756558341644257,0.28654576165002016,0.2590570930372111,0.275285470956807,0.3370727117107231,0.3867231253861054,0.3298750632810006,0.3287981089686686,0.2904162777692757,0.2746833913155946,0.27870924253475615,0.2852915489963097,0.26763956917001486,0.2830109363024097,0.29202076266831123,0.3563910659307431,0.3122571015157279,0.31761478626223055,0.279046066833205,0.359269957872135,0.263858003868066,0.340756049377696,0.2611894926993381,0.2552235598763604,0.30550885898172364,0.27723812189894986,0.34254202158348646,0.3326854725686825,0.30808163759540386,0.23626190565482885,0.23175110219864306,0.25439602973487496,0.2961384986482971,0.3368590873208456,0.22463038385495804,0.3209366417322014,0.2930594841462424,0.3462714351827388,0.2933499730952138,0.23799450405409392,0.2844506677720251,0.29662654542597455,0.2714385951384237,0.24966816983809614,0.29514061795230667,0.23866357990073114,0.2621659341955593,0.2972675846260734,0.26334945193647324,0.2163197984940767,0.34766995908338844
ma 0001471,0.3661887254901961,0.31210874786445564,0.31070994048009076,0.24627224906319733,0.31155543470737435,0.3272547244422244,0.3665219421101774,0.284088342184904,0.4641698605782693,0.29348063530967944,0.28015549516908206,0.2738300293195471,0.30005887890275273,0.3108870341614907,0.28141300034506556,0.3469940476190476,0.35779744590143747,0.39095247537717615,0.34749581147123715,0.30556018335113166,0.3280097926267281,0.28469899220144407,0.28664049595995483,0.35313385076252723,0.3654858336634902,0.3632905868904446,0.2918050193050193,0.32127633243442066,0.3413963744588745,0.30948979591836734,0.2630800350158825,0.31869385254101645,0.35137291758808786,0.30171349636136224,0.37112099163564793,0.28397749582289056,0.30577551208145837,0.3508652276754411,0.3048320791527313,0.35660047884541785,0.32476790945540945,0.2533205906996229,0.28735037758994114,0.2727299283907745,0.31671518281707234,0.31171864478114475,0.30949318683204746,0.3236925530685611,0.2929559713934714,0.3081320801279249,0.3081320801279249,0.2587857633683158,0.2744190908886599,0.2459501189250457,0.33313988095238095,0.26789879666675276,0.3386458333333333,0.30270833333333336,0.32530538149563526,0.2790865900589531,0.32654057730887004,0.36451867816091954,0.29539186507936505,0.2876785714285714,0.2886358740251541,0.29963277988174086,0.36116605381186506,0.325402738790198,0.35837023851604977,0.3211417323167205
ma 0001445,0.32241665777324463,0.34928719539808084,0.36623134988219397,0.27989707157562105,0.24362308753740033,0.30380964352056816,0.32005998004478253,0.32977159728517513,0.2923997478854373,0.28898573549306095,0.3296327068743482,0.24859129136609187,0.2969419813490305,0.28442874853119804,0.25438778886287283,0.3360108566025308,0.29661280603693263,0.27828581864829294,0.2513836488940472,0.2808532028797957,0.2721836692423838,0.26535077388061457,0.2761467614124954,0.30057604763476214,0.372185956003821,0.32005206477102033,0.28404266311118326,0.29328190493473616,0.29294852783150654,0.2810125654416169,0.30456564178339385,0.31468919855740674,0.27115540080548606,0.2907834715616116,0.3497488373717616,0.3069572333073173,0.28738133856820747,0.28038314569216294,0.3879896997702327,0.2811153900643478,0.2628925660181248,0.29704219863876924,0.2561065642097491,0.34225441470740614,0.23454445537872187,0.3018415888767415,0.3383063509045634,0.34110919430456343,0.25801797632210655,0.2743748887872086,0.2528364272487471,0.3382857353934482,0.2440771890383245,0.2576133596957398,0.2933963437866578,0.2115915597331614,0.27058613014484467,0.35521184489269597,0.2742622650996021,0.22876640867812276,0.2744964573284462,0.36151595744680853,0.2755085925508597,0.27924475604513105,0.2568729215453305,0.26046689955654134,0.28252405393329155,0.34423353024531245,0.2610643527727577,0.3573636809762697
ma 0000673,0.28953996931772624,0.25364573470652657,0.2597577842246088,0.25371327177805586,0.3269017215810992,0.2684842845438421,0.23948089700996678,0.27768069777828913,0.23602711484252184,0.3563822052551312,0.34262588756432805,0.25060840284455016,0.28504698763161596,0.2599015916035937,0.2803335451249268,0.28149432975911337,0.25270353618848834,0.26803388956005236,0.20497038965416114,0.28054882418083515,0.2660511923905359,0.2298765928453289,0.23001419768771247,0.2901423870416119,0.24931279602566242,0.2557784302452549,0.26059505100462227,0.29539076095554506,0.24644087644964943,0.33045295544586006,0.24565222337912512,0.20650691949998523,0.3046584837601342,0.2070790406204223,0.29202909898938056,0.24307440891230223,0.25802713866955673,0.2590691214470284,0.3923320413436693,0.22278363174609758,0.2757597039873032,0.2551791573744429,0.2239390657566862,0.2887698202959831,0.2620116748524702,0.24756657879189056,0.27897062693745156,0.2712980889626077,0.24112016823569848,0.2209369046714293,0.2209369046714293,0.30284361101734564,0.27461392658651795,0.2118085696355414,0.2568883410479123,0.26001090460849596,0.28010536860405577,0.38486571137733927,0.24483366842156173,0.25215176220318075,0.24294380582503505,0.30280309643237135,0.22573029569609598,0.2991502458098171,0.22627175618119874,0.2793264754249294,0.2507394004113273,0.26205243143769136,0.19874764216956908,0.28071023453993893
ma 0000057,0.3453075396825397,0.31074966162175466,0.2872057787174066,0.3553713151927438,0.2729670214045214,0.3152760494441679,0.25973639455782316,0.3370948936254664,0.2698985042735043,0.31251320850817976,0.32551767676767673,0.26417457958629437,0.30157895631890486,0.3426729024943311,0.2974905739421868,0.2847132336609473,0.28633481666117133,0.26043901534972963,0.22776268115942028,0.2996259362330791,0.3254212454212454,0.26840731164260573,0.30624297796041494,0.3266982091982092,0.2930847791312908,0.29841789992952783,0.32411247640441443,0.32409406866194757,0.3661904761904762,0.34900572174602934,0.3008286327351454,0.31202397625716954,0.28752289377289375,0.2895238095238095,0.3212181293612453,0.300439708141321,0.27613601834854695,0.29100864413364413,0.24983796296296296,0.27835323037528914,0.322859977324263,0.34900572174602934,0.2603778998778999,0.3368639792746936,0.2967619369185522,0.3096066252587992,0.3007376491458288,0.31097459557985874,0.3288925250234774,0.27066695809923363,0.2708984395807151,0.32375,0.26254917370988795,0.2580823578160217,0.31865967028196546,0.29970285336356767,0.2987003968253968,0.25780753968253967,0.29722390704533563,0.27094033683707597,0.28628071003071,0.2998063973063973,0.318510101010101,0.3711330509385759,0.2724728365867607,0.27506203080451797,0.29902210884353736,0.3549963924963925,0.2797760770975056,0.3236772486772487
ma 0000544,0.38163703090900314,0.22651641671444422,0.23458567027257687,0.2465272585158166,0.2377437937576672,0.2468704532374413,0.23924204502351543,0.33215014196700443,0.2434091398963171,0.2473073240206239,0.34314087069791244,0.2889641298320458,0.2537504368370477,0.2599333329023033,0.2480532096387033,0.29265903737038673,0.23372643987565794,0.2341983644524601,0.2795890403439563,0.30158065316822946,0.3018748364620324,0.21637177608911806,0.25553791773233586,0.3836078807457067,0.23926056885624605,0.22681676500367157,0.23811246183662244,0.24689570557468554,0.29220614594356087,0.27430353105850114,0.3229060961141764,0.2268538066205362,0.29436520428374524,0.27617053055132784,0.2623452964888089,0.20049641896508255,0.26208532010586105,0.22623375147108615,0.26604285181743037,0.2845215508190829,0.22921430485212627,0.2621506743002913,0.21189097551839944,0.233476533943068,0.2516983919541204,0.2548227682476832,0.22889669895860554,0.23029959614029483,0.2218935970105851,0.21553448986238183,0.21604833741052473,0.3469427140158847,0.2089177309532731,0.17545093861330752,0.2523543083512557,0.2496131757978776,0.3258571637636678,0.284005746963064,0.249553523682053,0.28944767129633725,0.21381325144879854,0.28400130646401456,0.3196033934923537,0.29240753714643986,0.2116644841170002,0.24733994833080197,0.24996432974800156,0.22665922881601258,0.22816786734555541,0.2320739539367016
ma 0000528,0.29074845814762684,0.27295952947229196,0.2702640756811322,0.1934713802843178,0.2684682765454879,0.26372493247493245,0.28282509652745585,0.25683044486937817,0.30977940623480904,0.38771730914588054,0.24895112392783203,0.23644429347774454,0.3007747264212204,0.265625134925729,0.32230783132111407,0.29061766735679784,0.29107123618678243,0.24474472760118537,0.2833169757802111,0.2198258576935047,0.2703991650783376,0.24580510648219892,0.2236857884179313,0.2971731460783547,0.24569793438460996,0.2521460072206517,0.2438185005087256,0.2714599421742279,0.25383443965246816,0.30579529868917954,0.25302057501190006,0.2666449575418808,0.2896070416082731,0.22204865892845432,0.29443191527818857,0.29121539434632415,0.27321548953353847,0.3027832414159153,0.3811249810929157,0.23025783729508154,0.27516382543556456,0.25679947370975326,0.24299248148674418,0.24343994844314537,0.28546439619919406,0.2610250225964512,0.27307149938481595,0.278510704900115,0.2114139139139139,0.22844974807091173,0.20363831468028584,0.24895112392783203,0.22705470802580335,0.23664306539742946,0.28439559326843356,0.2360896681637047,0.27947373393801966,0.3131365740740741,0.21302385688574943,0.26766046317516906,0.29087855037923,0.2873160432207747,0.21637026888178099,0.298902639427451,0.2431677781426234,0.257601666929398,0.231340932508269,0.27767703744971806,0.21268620138505048,0.31154646663164726
ma 0000951,0.3268613678468102,0.2861076084338373,0.2767805892097651,0.27526455026455027,0.28456356869347066,0.30763132657542597,0.2641439909297052,0.24725654889615417,0.2450101505041021,0.2889472343854528,0.2759898070629687,0.220612237584522,0.28524063985622294,0.30204081632653057,0.2712050011392117,0.36076647938350065,0.27783680984668824,0.25201065545717166,0.2732333032342531,0.2589939389200473,0.29386893248595375,0.25889841677140063,0.29605600041559405,0.31252002148791996,0.268626430037533,0.2562163210277999,0.35596482266995866,0.29859745281355243,0.31102802339504465,0.26135654359149085,0.24658242867335242,0.2819958821771401,0.3043372987061997,0.29107457612892396,0.3351085443748185,0.30026629072681704,0.26765474984319965,0.28063784443149614,0.31566041877744005,0.24228833528228688,0.2578796829736679,0.26135654359149085,0.2586209460537731,0.26484493772080175,0.24649533444425084,0.2996769183597291,0.25721618452766337,0.27127607241243606,0.270677302021287,0.30582782850928014,0.2483611297382335,0.2766783160848111,0.2993594573752645,0.23897808657572592,0.31284783903439917,0.32838323532145625,0.35116541353383457,0.29780035194368903,0.2733552347607647,0.26475014355624044,0.2769230851234397,0.3118462425322293,0.29080021976740655,0.2605841305206907,0.2615350912656947,0.26961439769144374,0.24927153293749932,0.2580717569964882,0.2969552803495076,0.27917699896866566
ma 0001391,0.31685800288967086,0.27039743053293186,0.2513420940993655,0.2933816860646129,0.26890870916116955,0.32198476967830103,0.24924230325907154,0.24199615275299205,0.327328894296833,0.2203872956540794,0.2625295958491798,0.22848965945077349,0.20167426810719494,0.24189536448356136,0.21084450779572728,0.27108617819999936,0.2751331436458889,0.32991101950508916,0.2050787181499768,0.2460545698323675,0.2448376064056029,0.2455234793031138,0.2432056757666514,0.2779892064150803,0.2567992346495455,0.24795813305411415,0.250717710957258,0.2667448704992259,0.26632919470898564,0.2881006546791087,0.25347455957869736,0.2793284338996377,0.3004806300056621,0.2895912747683007,0.3214393774244976,0.2298445077957273,0.20335060755089845,0.2786411781448917,0.2877237923172883,0.3592821839140847,0.2447039623471841,0.21890081753322171,0.2417131419835814,0.2365746007561883,0.2060481156389372,0.3228901341270679,0.24877402862807424,0.2604424535487355,0.2379409990624817,0.2795385188874099,0.2794122562611473,0.26105052454586175,0.24224965470998777,0.24149734307124282,0.2595303269127311,0.23613972521296148,0.29151928552695666,0.24473261255721807,0.264224444724821,0.2027598915062373,0.2822434979830909,0.30549266703489797,0.22069458418992138,0.20574483305984315,0.23084605994827506,0.2627556636366715,0.23225572868865554,0.2381485714120921,0.21861538904025135,0.24092108250819677
ma 0001364,0.25538515981583315,0.27331178784983134,0.2678450490803929,0.23367540197897343,0.19840058134889696,0.263016081841414,0.28153975861774316,0.2915565604558753,0.3847395783569382,0.22952812672640263,0.29200732217973596,0.25434259332285647,0.22639989648887981,0.31074194099110786,0.24296058952635605,0.2795432873151946,0.24546800844580927,0.39315206062122576,0.24347634291059533,0.2774340750712702,0.27944359552149406,0.26586877261132175,0.2720898473465967,0.3101022303287112,0.2727380349119479,0.23883875895733603,0.22364535618456377,0.2720318695713404,0.25649155782476624,0.24684007516355744,0.28579641042975534,0.2703184074876223,0.23853874676394418,0.2603997589010093,0.2839670692706082,0.26565289721866375,0.2566201988957035,0.26944696145297864,0.3419507414982356,0.3935949821168828,0.2697973082433269,0.24502165698776918,0.25992464639285123,0.2707231281862995,0.22041038955543693,0.2948750356452231,0.22750525344769415,0.24539757416559427,0.21928829017705082,0.29354731574393633,0.2934444350855001,0.3126023410956287,0.27504407001916487,0.2543081153481631,0.2815081434742557,0.23601247661257146,0.2313616189436544,0.2587349605731959,0.2603056890149904,0.2705119764712105,0.28310457954452006,0.3128814476761391,0.33497390923563,0.25996538991930696,0.2517349613807363,0.2823113945944613,0.26671829040662054,0.24886683750555388,0.23880025537651656,0.22554932836815225
ma 0002109,0.33047307063851183,0.3653062458206779,0.3699237446854697,0.3437622297722917,0.34264371052780496,0.3206297300248947,0.2797471074676957,0.3002191072692023,0.2651572701082505,0.4236220401903452,0.3054466230936819,0.3431145324472964,0.26191421867892456,0.2880583949456499,0.26153843759726114,0.3284625719997237,0.2934550420126358,0.29246418707343075,0.26290007261645915,0.2898623962096482,0.3555299050735156,0.280666172982603,0.2474878211621909,0.29340261838663373,0.37609361313843187,0.3260871387077154,0.2693967769703064,0.32134113645458184,0.27804607510489865,0.2674727936608741,0.2784167326068791,0.2644503964756066,0.2767059858908598,0.30140723655429535,0.31757923591043796,0.26135325241207596,0.2762884699334279,0.3065724078118043,0.3791979593769875,0.2734103565280036,0.2671542040710398,0.3225889521786106,0.27511061742704745,0.26832485418409785,0.2281358866763735,0.3116765130294542,0.3402233314623292,0.36323155858078393,0.2895532264700622,0.2611221460156552,0.28379765441530147,0.3251210227680816,0.258761749123788,0.24529370929261057,0.27663884046236986,0.28421589174390294,0.29058950076704737,0.31081720567014687,0.2799030297831995,0.2714415311579177,0.3084330734779212,0.2907921174542692,0.26225174539512774,0.3615847279082573,0.2793095838353161,0.2811662785447952,0.28597223633445024,0.3592292756621317,0.27684150933100515,0.34686882003791897
ma 0002248,0.3249026290738247,0.4148510857692359,0.4027051387585214,0.39435852889800255,0.3836490294549505,0.29401855525195525,0.327795332686637,0.27730749588042003,0.26290427165427166,0.5103643062089269,0.2989459815546772,0.2593292729120636,0.3058993825660492,0.33034881784881787,0.24003553810530556,0.34263588507009557,0.2646210871616551,0.3133807264164407,0.2812372185832777,0.2877012206257971,0.26915541355196526,0.2860711319332009,0.27180192683133864,0.26486580247449815,0.42339668855703744,0.3728203051099178,0.2662797742739603,0.273577091004265,0.24888861138861137,0.26405939333570916,0.27517975970530484,0.2623692260120831,0.27122208588512936,0.3472965367965368,0.29406352991021184,0.28239664921641666,0.2728878093717995,0.3037227394297557,0.3739644477905347,0.2913948088948089,0.26574939972505895,0.21965671998566733,0.2795916854537544,0.26775648138043096,0.2752038089436464,0.3357474747474748,0.39004518549269296,0.36686664773596966,0.2462865468332247,0.2588868076368076,0.2805748418248418,0.2760272623428546,0.2944739343548867,0.22773560136305235,0.3158907230335802,0.25038279651374884,0.2989875558340564,0.30385285004850227,0.27778985727154504,0.2506818364653956,0.3295625649394716,0.3053887340729446,0.3341193816129877,0.24700393495036352,0.2780974325801912,0.24741139011191488,0.2835103388674817,0.34569070366767735,0.25378150288864576,0.36305034207994735
ma 0002386,0.31689561090136537,0.2794141433747412,0.29186958874458874,0.21353346163026615,0.2747545847677334,0.324500702885796,0.28711474832311734,0.2587620039694679,0.2567907794198555,0.31228487718773174,0.2718706082564778,0.31867261026681315,0.2917058935272551,0.28241946203768864,0.2510175953167944,0.2843550724637681,0.3025077219623027,0.28846254806270333,0.41212788570125525,0.271108177536749,0.2627258610954263,0.26002508624412957,0.23934021259275098,0.28991785522582625,0.314680526800092,0.35504245036572624,0.2800259487424833,0.3070107427135077,0.2515990183846074,0.2432370090286668,0.2571651857550027,0.26442211667275606,0.2993357364038653,0.319817546583851,0.3193588562861427,0.284636446365986,0.31719771170858124,0.2873710057566858,0.26238436382458125,0.2731835533126294,0.2747574265635724,0.24862816549125177,0.2578966512450716,0.27511929409444935,0.25523687743545553,0.24752363977381509,0.27525027056277057,0.2816796393626321,0.29671011531610614,0.25860187341844953,0.25860187341844953,0.22896437198067632,0.3302185004436557,0.2489068338016903,0.30811693607235446,0.34924060928719314,0.3108977286566801,0.2667790920716112,0.2836759720610652,0.3332520740129436,0.2813829966438625,0.2746141255451896,0.27636804117782376,0.25990634133839313,0.25691299564691006,0.278577851327676,0.8496291161392093,0.2378940552045406,0.5274862589963522,0.27662906487396266
ma 0002579,0.3045420426246698,0.38148407543966756,0.39865452529926215,0.2985819918385708,0.35950445891373906,0.32422902656485936,0.35228535353535356,0.2985697635697636,0.2697950151020004,0.3952506259757615,0.33934960872460873,0.27629505517760294,0.3191491519510167,0.3302020202020203,0.27322952349582785,0.32662013374222676,0.29431830424477484,0.33222295745644304,0.33407998251748255,0.25983171093376045,0.2931985972683647,0.29032112613590055,0.25693320453181273,0.27277674002603386,0.3889253381852067,0.3673899565346934,0.2598181926996005,0.34456535782496345,0.2581954019527549,0.25649225034926787,0.29576887154473364,0.259761217948718,0.2881803865375294,0.26782510055304176,0.33413013572315076,0.30204563492063496,0.32020011238761237,0.3058162023635169,0.37494521388499297,0.28505691986390513,0.44112568005379305,0.2404494696006048,0.2844619179585948,0.2978184910330425,0.28543248114069264,0.3002202380952381,0.3701929868377237,0.37366644519754577,0.24951201046314972,0.2540807663877517,0.2540807663877517,0.3182972582972583,0.28182087550929463,0.24146856934959135,0.28265293635315947,0.22288103063194975,0.2822009034110098,0.2892655367231639,0.25662947974888883,0.2911184797345512,0.29747551752027457,0.3290027532896448,0.25421577605401136,0.2716371664088181,0.26896855188094243,0.27705927138294284,0.31548188616938616,0.3216011921192843,0.23826073232323233,0.3718761830192751
ma 0002557,0.3310973562345514,0.3102806264851518,0.2985714181122849,0.30986154315548087,0.2644811755009123,0.2742839863375578,0.3016352350127001,0.2862713521585283,0.4528787313509536,0.25808849969379644,0.2639539213121146,0.2261549816011184,0.2550831693918705,0.3074875583028095,0.20739207163940393,0.29351315306672454,0.251061223086179,0.43322203590060726,0.22957304599313585,0.2807196270700575,0.26366249616999243,0.2557840350930413,0.284729742008965,0.27479536614026806,0.3195392324778971,0.28346888906238743,0.27926650603316544,0.26471850228315746,0.22940455452721478,0.2358129302762455,0.26049532199149306,0.2701507706766567,0.3145729919364373,0.2903410986032937,0.2961808843330582,0.24878096052829282,0.2639302397253296,0.2798431790756352,0.3282114675138348,0.4345743243932728,0.23764171465390982,0.23392211827806342,0.2511183254950101,0.3426847965719917,0.23679013274081992,0.3301011005061527,0.28598956846146967,0.2734637889490958,0.217251868992325,0.27346822051362196,0.2512968706216839,0.3058378934750886,0.30120190072921166,0.25256138540348727,0.318306497029564,0.2317408120979549,0.30487679108541477,0.2682596798474128,0.225226660572189,0.22545836316982934,0.28294055143470354,0.299841737008242,0.251187221374678,0.26609700042604456,0.2475412814698529,0.2747911523504999,0.2291509533733036,0.25239289332080256,0.25677951017236733,0.2682185532445949
ma 0000058,0.32814046765659666,0.291015197286749,0.29647419631201666,0.2934423403635226,0.3045040926506444,0.3588720868464345,0.2852671713846829,0.3059535673243656,0.26484499110507176,0.3063959587666484,0.35687972158560394,0.2902298009220206,0.295652529015666,0.3348703459878575,0.2589677884839175,0.28810939768211136,0.3065162763823478,0.2852252796279803,0.2607626063245811,0.297879960064834,0.30537082649151615,0.2648699532520703,0.31299276120704694,0.28661816578483246,0.3026694149138368,0.2916690015068219,0.3075792974974001,0.34817305710162855,0.34163988788988786,0.332472542839015,0.27606089055668886,0.30723910253756676,0.28987504431052813,0.28442396313364054,0.33848171152518974,0.295250256016385,0.252092599860457,0.29348371535871537,0.25323412698412695,0.3257971176821984,0.32117046313474884,0.3075792974974001,0.25788553387990054,0.33595871694229984,0.2904739575870946,0.3035990338164251,0.2939887507231228,0.28954779734952146,0.3064247921390779,0.30394140780565515,0.27108465399301895,0.35527544351073764,0.2823098773559603,0.2584198542974061,0.3021264913749511,0.3183217821178651,0.3378968253968254,0.3474206349206349,0.2960490977916093,0.24963672240457954,0.27700071918821917,0.30320256132756135,0.3202561327561328,0.3287846546402573,0.2754364661883213,0.2766690464740337,0.2677076475751591,0.3219887919288219,0.24340209201960353,0.31890288829944
ma 0000395,0.2995625255192118,0.20873769887561433,0.19693068400673364,0.24187616008141813,0.21280574117203016,0.22960448331158764,0.18866516213876028,0.253566676799099,0.23771292978834227,0.22209237693067685,0.30262749966034785,0.19676404309707532,0.2290152829192975,0.2550887732498714,0.24283924759147046,0.28824870218585796,0.22852035450968883,0.1899710883692733,0.22976646833563855,0.2649788855977546,0.22580869849372054,0.1993164011311716,0.22594508374145825,0.26990944373198367,0.2004887358299761,0.2024087441906762,0.21485305813900035,0.22102346794534194,0.2160405224305536,0.21678100340534803,0.31956566839591083,0.2632380753449212,0.29199677219788017,0.2298936043084834,0.23313699517015546,0.1952459091035241,0.22171787630267148,0.22111761635954102,0.30302498133364164,0.21287039653076797,0.22503351217811654,0.22986955716285234,0.19670200604252655,0.2023310754675609,0.2465849995762353,0.24957565721568842,0.20367467733160932,0.182950203468394,0.19846968942679383,0.17186058559755935,0.1724659025971792,0.34529348361665435,0.23479857608599916,0.19659835773176254,0.22981213676338522,0.21850157034535395,0.3043733182137303,0.28151386441020587,0.18866788209626476,0.21852467193759212,0.2086971163372534,0.22357403355166303,0.31765654404550425,0.20910280393103697,0.1939457778785295,0.22100699232076265,0.18235274551608738,0.19728936630057511,0.1813763925924728,0.22737480359878212
ma 0000503,0.3198721424053492,0.28873732363315696,0.28490786990786987,0.2871501007810532,0.2644232341980998,0.26544096398249223,0.29314271541950115,0.3073089410589411,0.2990633391949181,0.3294840768799102,0.3107000771323022,0.24066828535038065,0.30974002717562177,0.32828764295573304,0.2660054406377936,0.2953033834563736,0.2643175321410615,0.30114070349032757,0.28007756132756134,0.2496549941815807,0.3151522048722642,0.2616565202794302,0.2813245592303353,0.304904166911058,0.2907856803690137,0.26752259836937253,0.2727836433784772,0.30026658099137093,0.2658413976775017,0.28896570692896184,0.2579311493104597,0.2782659901987191,0.2840798979454442,0.2593386511149669,0.32485714285714284,0.268465758098111,0.2956542465471037,0.2653528470861451,0.38061391223155927,0.2556532634319012,0.26682202227581325,0.2698366575685882,0.2518250596052729,0.2581360675120891,0.2747561941362332,0.26983363858363857,0.28693100549439293,0.29148653737479757,0.2414866007008864,0.24114762367050693,0.2658511809827599,0.311493727925953,0.24064477085153782,0.21115504459802703,0.2967586267284606,0.251367028504599,0.3101307189542484,0.31988855371208313,0.22407197195731032,0.2670136236312707,0.26016486629901264,0.29218709082601446,0.21813491282800745,0.30553838863322247,0.24639870301612563,0.28297171449949227,0.2464556729124398,0.25263533310576325,0.22895342303441357,0.3052375440917108
ma 0000675,0.2778673073723017,0.37770156430870716,0.3807133196295185,0.38959053318297016,0.36563288665915655,0.2807484602176072,0.2541958381088816,0.2774635063347761,0.26585092942469224,0.38053437320527,0.328595713867453,0.257568363050065,0.3025972643593711,0.28292804816025763,0.22106479261934553,0.26316814252633386,0.2443070976838967,0.29741637330923043,0.24152419130383143,0.2738872658564128,0.28134924486210916,0.2649800907590972,0.23760604382722655,0.2671909458892542,0.3742554921701798,0.3778846159895742,0.24620633654379862,0.2708365399451317,0.257903945529927,0.2596065345370199,0.257100384913187,0.22597701003156295,0.25013647820665363,0.25795560192394795,0.2873049678312902,0.2414360879906409,0.25485327293648447,0.27038557845892275,0.3312697249376447,0.258181926240682,0.2873894561970274,0.2771135373381403,0.25440993278750557,0.23188183647210367,0.2524260316856156,0.24090682839130043,0.36547845507731563,0.3865075027794661,0.2352249540325252,0.22423316442712998,0.2433218343778689,0.32482561118430686,0.2546322820326443,0.2134521364406422,0.2410042395863825,0.2311130796259634,0.25062542332950494,0.29124836803408233,0.27980056529163677,0.23350109570195432,0.2738052134048735,0.30918449043510343,0.23851930243632208,0.2575474260098881,0.25703974737112784,0.18791868313203136,0.2628544521689683,0.3556109859681288,0.25376781001781,0.359534360965982
ma 0000952,0.3268613678468102,0.2861076084338373,0.2767805892097651,0.27526455026455027,0.28456356869347066,0.30763132657542597,0.2641439909297052,0.24725654889615417,0.2450101505041021,0.2889472343854528,0.2759898070629687,0.220612237584522,0.28524063985622294,0.30204081632653057,0.2712050011392117,0.36076647938350065,0.27783680984668824,0.25201065545717166,0.2732333032342531,0.2589939389200473,0.29386893248595375,0.25889841677140063,0.29605600041559405,0.31252002148791996,0.268626430037533,0.2562163210277999,0.35596482266995866,0.29859745281355243,0.31102802339504465,0.26135654359149085,0.24658242867335242,0.2819958821771401,0.3043372987061997,0.29107457612892396,0.3351085443748185,0.30026629072681704,0.26765474984319965,0.28063784443149614,0.31566041877744005,0.24228833528228688,0.2578796829736679,0.26135654359149085,0.2586209460537731,0.26484493772080175,0.24649533444425084,0.2996769183597291,0.25721618452766337,0.27127607241243606,0.270677302021287,0.30582782850928014,0.2483611297382335,0.2766783160848111,0.2993594573752645,0.23897808657572592,0.31284783903439917,0.32838323532145625,0.35116541353383457,0.29780035194368903,0.2733552347607647,0.26475014355624044,0.2769230851234397,0.3118462425322293,0.29080021976740655,0.2605841305206907,0.2615350912656947,0.26961439769144374,0.24927153293749932,0.2580717569964882,0.2969552803495076,0.27917699896866566
ma 0001228,0.3424684704732983,0.33410063229092296,0.30691109800118155,0.2796829007440667,0.2726020804599243,0.28900781061806136,0.35764472915359147,0.3307839024933733,0.33260360207768747,0.28788449122844617,0.3235444219608352,0.28764520206074445,0.34845118199881364,0.28661298312184547,0.27896284460970877,0.37075837479946705,0.30385908038347065,0.314932198658984,0.2510290530813914,0.2959633379564329,0.34653650324382035,0.2675264326112272,0.3114283127089648,0.31199414988567753,0.2984591110755577,0.2902813862495186,0.2521806481869157,0.2923823182554573,0.32096112406677874,0.31183987476731334,0.30353367465104014,0.3403066634925444,0.3688534150571027,0.3208157835223071,0.3017909908762008,0.3092048498786355,0.24685425272646686,0.3291759121886005,0.3234502179804407,0.2934871855835536,0.24372238800993615,0.26060647818287314,0.2689153215001161,0.29674071756862697,0.3163406157668706,0.32853761635442447,0.30937229534042765,0.28441649103451344,0.2540517829257972,0.3165043071919223,0.31514169034017503,0.34585211426852747,0.27330873362816244,0.2926773218017703,0.3144730543772829,0.2361504487355211,0.31468789858225293,0.3541992397040676,0.2666426592065785,0.24436238641472474,0.34301337623001893,0.2885468363379286,0.34754692240956975,0.27498017460580226,0.2655322085650196,0.29153746185270635,0.26264454943765614,0.24550340415939792,0.24799644690162256,0.3115120412448851
